pitch_id,game_date,game_pk,game_type,at_bat_number,pitch_number,inning,inning_topbot,outs_when_up,home_team,away_team,player_name,pitcher,batter,stand,p_throws,balls,strikes,count,pitcher_advantage_count,is_two_strike,is_first_pitch,times_through_order,pitch_type,pitch_name,pitch_name_raw,description,events,type,bb_type,is_strike,is_swing,is_contact,is_whiff,is_csw,is_in_zone,is_chase,zone,release_speed,effective_speed,release_spin_rate,release_extension,release_pos_x,release_pos_y,release_pos_z,pfx_x,pfx_z,plate_x,plate_z,sz_top,sz_bot,arm_angle,launch_speed,launch_angle,hit_distance_sc,estimated_ba_using_speedangle,estimated_woba_using_speedangle,woba_value,delta_run_exp,bat_speed,swing_length,is_hard_hit,home_score,away_score,bat_score,fld_score,has_video,video_url,video_level,video_notes
824393_51_2,2026-08-30,824393,R,51,2,6,Top,2,CLE,KC,"Messick, Parker",800048,670231,L,L,1,0,1-0,False,False,False,3,FF,Four-Seam Fastball,4-Seam Fastball,hit_into_play,field_out,X,fly_ball,False,True,True,False,False,True,False,6,93.7,94.3,2216,6.6,1.06,53.86,5.27,0.45,1.21,0.48840384,2.291266614,3.135752953,1.582529528,42.5,83.2,43.0,284.0,0.014,0.017,0.0,-0.305,,,False,9,1,1,9,True,https://www.mlb.com/video/john-rave-flies-out-to-center-fielder-steven-kwan?partnerId=web_multimedia-search_video-share,Pitch,
824393_51_1,2026-08-30,824393,R,51,1,6,Top,2,CLE,KC,"Messick, Parker",800048,670231,L,L,0,0,0-0,False,False,True,3,FF,Four-Seam Fastball,4-Seam Fastball,ball,none,B,none,False,False,False,False,False,False,False,11,94.2,95.0,2295,6.6,1.2,53.92,5.33,0.48,1.3,-0.118080629,4.21913077,3.135752953,1.582529528,41.5,,,,,,,0.024,,,False,9,1,1,9,True,https://www.mlb.com/video/parker-messick-ball-to-john-rave-v5eibp?partnerId=web_multimedia-search_video-share,Pitch,
824393_50_5,2026-08-30,824393,R,50,5,6,Top,2,CLE,KC,"Messick, Parker",800048,679845,R,L,3,1,3-1,False,False,False,3,FF,Four-Seam Fastball,4-Seam Fastball,hit_into_play,double,X,line_drive,False,True,True,False,False,True,False,2,94.0,95.1,2134,6.7,1.09,53.78,5.19,0.49,1.38,-0.075281173,2.860341265,3.18226706,1.606003937,36.7,92.3,22.0,310.0,0.149,0.155,1.25,0.414,65.5,6.1,False,9,1,1,9,True,https://www.mlb.com/video/nick-loftin-doubles-23-on-a-line-drive-to-right-fielder-chase-delauter?partnerId=web_multimedia-search_video-share,Pitch,
824393_50_4,2026-08-30,824393,R,50,4,6,Top,2,CLE,KC,"Messick, Parker",800048,679845,R,L,2,1,2-1,False,False,False,3,CH,Changeup,Changeup,ball,none,B,none,False,False,False,False,False,False,False,13,86.2,86.8,1844,6.4,1.24,54.06,5.2,1.02,0.2,-1.051290737,1.160789409,3.18226706,1.606003937,33.3,,,,,,,0.101,,,False,9,1,1,9,True,https://www.mlb.com/video/parker-messick-ball-to-nick-loftin-r3nejg?partnerId=web_multimedia-search_video-share,Pitch,
824393_50_3,2026-08-30,824393,R,50,3,6,Top,2,CLE,KC,"Messick, Parker",800048,679845,R,L,1,1,1-1,False,False,False,3,CH,Changeup,Changeup,ball,none,B,none,False,False,False,False,False,False,False,14,85.6,85.6,1668,6.4,1.25,54.15,5.2,1.26,0.06,0.320275658,0.064928419,3.18226706,1.606003937,35.1,,,,,,,0.055,,,False,9,1,1,9,True,https://www.mlb.com/video/parker-messick-ball-to-nick-loftin-o6kkxt?partnerId=web_multimedia-search_video-share,Pitch,
824393_50_2,2026-08-30,824393,R,50,2,6,Top,2,CLE,KC,"Messick, Parker",800048,679845,R,L,0,1,0-1,True,False,False,3,CH,Changeup,Changeup,ball,none,B,none,False,False,False,False,False,False,False,13,86.8,87.1,1813,6.5,1.26,53.97,5.23,1.21,0.12,-0.263231701,-0.079465926,3.18226706,1.606003937,36.1,,,,,,,0.03,,,False,9,1,1,9,True,https://www.mlb.com/video/parker-messick-ball-to-nick-loftin-yli0rz?partnerId=web_multimedia-search_video-share,Pitch,
824393_50_1,2026-08-30,824393,R,50,1,6,Top,2,CLE,KC,"Messick, Parker",800048,679845,R,L,0,0,0-0,False,False,True,3,CU,Curveball,Curveball,called_strike,none,S,none,True,False,False,False,True,True,False,6,79.6,79.9,2288,6.4,1.08,54.08,5.36,-1.34,-0.53,0.297217938,2.314379914,3.18226706,1.606003937,41.2,,,,,,,-0.043,,,False,9,1,1,9,True,https://www.mlb.com/video/parker-messick-called-strike-to-nick-loftin-9kztam?partnerId=web_multimedia-search_video-share,Pitch,
824393_49_3,2026-08-30,824393,R,49,3,6,Top,1,CLE,KC,"Messick, Parker",800048,686469,L,L,1,1,1-1,False,False,False,3,SI,Sinker,Sinker,hit_into_play,field_out,X,fly_ball,False,True,True,False,False,True,False,2,94.7,95.4,2156,6.6,1.02,53.91,5.32,0.95,1.05,0.194902432,2.997417638,3.363057743,1.697244095,39.2,86.5,40.0,301.0,0.006,0.005,0.0,-0.253,66.8,6.9,False,9,1,1,9,True,https://www.mlb.com/video/vinnie-pasquantino-flies-out-to-center-fielder-steven-kwan?partnerId=web_multimedia-search_video-share,Pitch,
824393_49_2,2026-08-30,824393,R,49,2,6,Top,1,CLE,KC,"Messick, Parker",800048,686469,L,L,1,0,1-0,False,False,False,3,SL,Slider,Slider,called_strike,none,S,none,True,False,False,False,True,True,False,2,88.1,88.9,2397,6.6,1.02,53.86,5.39,-0.31,0.41,0.190230062,3.065401319,3.363057743,1.697244095,42.7,,,,,,,-0.05,,,False,9,1,1,9,True,https://www.mlb.com/video/parker-messick-called-strike-to-vinnie-pasquantino-k6rec7?partnerId=web_multimedia-search_video-share,Pitch,
824393_49_1,2026-08-30,824393,R,49,1,6,Top,1,CLE,KC,"Messick, Parker",800048,686469,L,L,0,0,0-0,False,False,True,3,SL,Slider,Slider,ball,none,B,none,False,False,False,False,False,False,False,13,87.1,88.1,2420,6.6,0.9,53.93,5.45,-0.45,0.38,-0.702142595,1.345720929,3.363057743,1.697244095,42.5,,,,,,,0.042,,,False,9,1,1,9,True,https://www.mlb.com/video/parker-messick-ball-to-vinnie-pasquantino-3voarb?partnerId=web_multimedia-search_video-share,Pitch,
824393_48_4,2026-08-30,824393,R,48,4,6,Top,0,CLE,KC,"Messick, Parker",800048,521692,R,L,1,2,1-2,True,True,False,3,FF,Four-Seam Fastball,4-Seam Fastball,hit_into_play,field_out,X,fly_ball,False,True,True,False,False,True,False,2,96.3,97.0,2313,6.6,0.96,53.9,5.29,0.52,1.44,-0.197086236,2.917715379,3.312155512,1.671555118,41.0,84.4,59.0,201.0,0.017,0.015,0.0,-0.185,71.4,7.0,False,9,1,1,9,True,https://www.mlb.com/video/salvador-perez-flies-out-to-right-fielder-chase-delauter?partnerId=web_multimedia-search_video-share,Pitch,
824393_48_3,2026-08-30,824393,R,48,3,6,Top,0,CLE,KC,"Messick, Parker",800048,521692,R,L,1,1,1-1,False,False,False,3,CH,Changeup,Changeup,foul,none,S,none,True,True,True,False,False,True,False,9,86.0,86.0,1742,6.3,1.24,54.18,5.32,1.2,-0.15,0.714831738,1.944982433,3.312155512,1.671555118,35.0,78.8,44.0,234.0,,,,-0.061,72.2,7.3,False,9,1,1,9,True,https://www.mlb.com/video/parker-messick-foul-to-salvador-perez-ufgydg?partnerId=web_multimedia-search_video-share,Pitch,
824393_48_2,2026-08-30,824393,R,48,2,6,Top,0,CLE,KC,"Messick, Parker",800048,521692,R,L,0,1,0-1,True,False,False,3,CH,Changeup,Changeup,ball,none,B,none,False,False,False,False,False,False,False,13,85.9,86.1,1819,6.6,1.32,53.91,5.27,1.27,0.31,-0.884129166,-0.622205211,3.312155512,1.671555118,39.4,,,,,,,0.029,,,False,9,1,1,9,True,https://www.mlb.com/video/parker-messick-ball-to-salvador-perez-pddtct?partnerId=web_multimedia-search_video-share,Pitch,
824393_48_1,2026-08-30,824393,R,48,1,6,Top,0,CLE,KC,"Messick, Parker",800048,521692,R,L,0,0,0-0,False,False,True,3,FF,Four-Seam Fastball,4-Seam Fastball,called_strike,none,S,none,True,False,False,False,True,False,False,12,93.6,94.2,2269,6.6,1.1,53.88,5.33,0.7,1.37,0.111340429,3.587602572,3.312155512,1.671555118,38.1,,,,,,,-0.042,,,False,9,1,1,9,True,https://www.mlb.com/video/parker-messick-called-strike-to-salvador-perez?partnerId=web_multimedia-search_video-share,Pitch,
824393_44_1,2026-08-30,824393,R,44,1,5,Top,2,CLE,KC,"Messick, Parker",800048,695506,L,L,0,0,0-0,False,False,True,3,FF,Four-Seam Fastball,4-Seam Fastball,hit_into_play,field_out,X,fly_ball,False,True,True,False,False,True,False,1,94.4,94.8,2292,6.6,1.07,53.89,5.34,0.4,1.54,-0.311587326,3.359456983,3.401673228,1.716732283,46.5,99.3,35.0,349.0,0.286,0.538,0.0,-0.275,78.6,7.1,True,9,1,1,9,True,https://www.mlb.com/video/jac-caglianone-flies-out-to-left-fielder-jo-adell?partnerId=web_multimedia-search_video-share,Pitch,
824393_43_4,2026-08-30,824393,R,43,4,5,Top,1,CLE,KC,"Messick, Parker",800048,677951,R,L,2,1,2-1,False,False,False,3,SL,Slider,Slider,hit_into_play,field_out,X,line_drive,False,True,True,False,False,True,False,6,85.3,85.6,2346,6.6,1.31,53.95,5.26,-0.63,0.09,0.682367502,2.437652308,3.238435039,1.634350394,44.0,93.6,20.0,331.0,0.303,0.342,0.0,-0.313,73.5,6.8,False,9,1,1,9,True,https://www.mlb.com/video/bobby-witt-jr-lines-out-to-right-fielder-chase-delauter?partnerId=web_multimedia-search_video-share,Pitch,
824393_43_3,2026-08-30,824393,R,43,3,5,Top,1,CLE,KC,"Messick, Parker",800048,677951,R,L,1,1,1-1,False,False,False,3,FF,Four-Seam Fastball,4-Seam Fastball,ball,none,B,none,False,False,False,False,False,False,False,12,93.8,93.7,2088,6.6,1.15,53.94,5.26,0.49,1.2,1.19239216,3.739193197,3.238435039,1.634350394,41.9,,,,,,,0.065,,,False,9,1,1,9,True,https://www.mlb.com/video/parker-messick-ball-to-bobby-witt-jr-dktflo?partnerId=web_multimedia-search_video-share,Pitch,
824393_43_2,2026-08-30,824393,R,43,2,5,Top,1,CLE,KC,"Messick, Parker",800048,677951,R,L,1,0,1-0,False,False,False,3,FF,Four-Seam Fastball,4-Seam Fastball,foul,none,S,none,True,True,True,False,False,True,False,6,94.6,94.9,2238,6.5,1.09,54.01,5.32,0.66,1.34,0.598006225,2.655580808,3.238435039,1.634350394,42.4,78.6,54.0,225.0,,,,-0.046,75.7,6.8,False,9,1,1,9,True,https://www.mlb.com/video/parker-messick-foul-to-bobby-witt-jr-pe2ne8?partnerId=web_multimedia-search_video-share,Pitch,
824393_43_1,2026-08-30,824393,R,43,1,5,Top,1,CLE,KC,"Messick, Parker",800048,677951,R,L,0,0,0-0,False,False,True,3,CU,Curveball,Curveball,ball,none,B,none,False,False,False,False,False,False,False,13,78.7,78.7,2274,6.6,1.16,53.94,5.32,-1.38,-0.67,-0.412891468,1.109615296,3.238435039,1.634350394,46.2,,,,,,,0.035,,,False,9,1,1,9,True,https://www.mlb.com/video/parker-messick-ball-to-bobby-witt-jr-yg5t8i?partnerId=web_multimedia-search_video-share,Pitch,
824393_42_3,2026-08-30,824393,R,42,3,5,Top,1,CLE,KC,"Messick, Parker",800048,695600,L,L,2,0,2-0,False,False,False,3,SI,Sinker,Sinker,hit_into_play,single,X,ground_ball,False,True,True,False,False,True,False,7,93.5,94.4,2012,6.7,1.02,53.85,5.28,1.12,0.73,-0.332509085,1.715603505,3.191043307,1.610433071,37.5,109.9,1.0,58.0,0.574,0.538,0.9,0.298,73.5,7.2,True,9,1,1,9,True,https://www.mlb.com/video/parker-messick-in-play-no-out-to-carter-jensen?partnerId=web_multimedia-search_video-share,Pitch,
824393_42_2,2026-08-30,824393,R,42,2,5,Top,1,CLE,KC,"Messick, Parker",800048,695600,L,L,1,0,1-0,False,False,False,3,SI,Sinker,Sinker,ball,none,B,none,False,False,False,False,False,False,False,13,93.9,94.7,2139,6.7,1.06,53.78,5.3,1.12,0.54,-1.273952889,1.788798611,3.191043307,1.610433071,41.0,,,,,,,0.077,,,False,9,1,1,9,True,https://www.mlb.com/video/parker-messick-ball-to-carter-jensen-nfphcx?partnerId=web_multimedia-search_video-share,Pitch,
824393_42_1,2026-08-30,824393,R,42,1,5,Top,1,CLE,KC,"Messick, Parker",800048,695600,L,L,0,0,0-0,False,False,True,3,SI,Sinker,Sinker,ball,none,B,none,False,False,False,False,False,False,False,13,93.4,94.3,2000,6.7,1.09,53.76,5.29,1.09,0.55,-0.376992376,0.954746314,3.191043307,1.610433071,41.0,,,,,,,0.042,,,False,9,1,1,9,True,https://www.mlb.com/video/parker-messick-ball-to-carter-jensen-1zllpn?partnerId=web_multimedia-search_video-share,Pitch,
824393_41_4,2026-08-30,824393,R,41,4,5,Top,0,CLE,KC,"Messick, Parker",800048,664728,L,L,1,2,1-2,True,True,False,2,SI,Sinker,Sinker,called_strike,strikeout,S,none,True,False,False,False,True,True,False,4,93.4,94.1,1978,6.6,0.95,53.91,5.37,1.16,0.89,-0.598326809,2.599552758,3.113812336,1.571456693,39.1,,,,,0.0,0.0,-0.185,,,False,9,1,1,9,True,https://www.mlb.com/video/kyle-isbel-called-out-on-strikes-5067wx?partnerId=web_multimedia-search_video-share,Pitch,
824393_41_3,2026-08-30,824393,R,41,3,5,Top,0,CLE,KC,"Messick, Parker",800048,664728,L,L,0,2,0-2,True,True,False,2,CU,Curveball,Curveball,ball,none,B,none,False,False,False,False,False,False,False,14,79.0,79.0,2366,6.5,0.98,54.05,5.54,-1.64,-0.73,0.447182972,0.651036171,3.113812336,1.571456693,46.7,,,,,,,0.021,,,False,9,1,1,9,True,https://www.mlb.com/video/parker-messick-ball-to-kyle-isbel-l8ygfn?partnerId=web_multimedia-search_video-share,Pitch,
824393_41_2,2026-08-30,824393,R,41,2,5,Top,0,CLE,KC,"Messick, Parker",800048,664728,L,L,0,1,0-1,True,False,False,2,SL,Slider,Slider,called_strike,none,S,none,True,False,False,False,True,True,False,3,87.6,88.5,2413,6.6,1.2,53.88,5.42,-0.54,0.45,0.295687658,2.758270692,3.113812336,1.571456693,44.1,,,,,,,-0.053,,,False,9,1,1,9,True,https://www.mlb.com/video/parker-messick-called-strike-to-kyle-isbel?partnerId=web_multimedia-search_video-share,Pitch,
824393_41_1,2026-08-30,824393,R,41,1,5,Top,0,CLE,KC,"Messick, Parker",800048,664728,L,L,0,0,0-0,False,False,True,2,FF,Four-Seam Fastball,4-Seam Fastball,called_strike,none,S,none,True,False,False,False,True,True,False,7,92.1,92.6,2235,6.7,0.92,53.82,5.43,0.35,1.32,-0.810392902,2.040427784,3.113812336,1.571456693,43.4,,,,,,,-0.042,,,False,9,1,1,9,True,https://www.mlb.com/video/parker-messick-ball-to-kyle-isbel-a3agkk?partnerId=web_multimedia-search_video-share,Pitch,
824393_33_4,2026-08-30,824393,R,33,4,4,Top,2,CLE,KC,"Messick, Parker",800048,686475,R,L,1,2,1-2,True,True,False,2,FF,Four-Seam Fastball,4-Seam Fastball,called_strike,strikeout,S,none,True,False,False,False,True,True,False,5,96.9,97.4,2225,6.7,0.84,53.83,5.31,0.45,1.16,-0.071187029,2.153272022,3.126099081,1.57765748,41.2,,,,,0.0,0.0,-0.18,,,False,6,1,1,6,True,https://www.mlb.com/video/tyler-tolbert-called-out-on-strikes-ac4fjb?partnerId=web_multimedia-search_video-share,Pitch,
824393_33_3,2026-08-30,824393,R,33,3,4,Top,2,CLE,KC,"Messick, Parker",800048,686475,R,L,0,2,0-2,True,True,False,2,FF,Four-Seam Fastball,4-Seam Fastball,ball,none,B,none,False,False,False,False,False,False,False,12,96.1,96.4,2219,6.4,1.02,54.11,5.39,0.25,1.29,0.967695608,4.606074046,3.126099081,1.57765748,39.1,,,,,,,0.026,,,False,6,1,1,6,True,https://www.mlb.com/video/parker-messick-ball-to-tyler-tolbert-gy2wcm?partnerId=web_multimedia-search_video-share,Pitch,
824393_33_2,2026-08-30,824393,R,33,2,4,Top,2,CLE,KC,"Messick, Parker",800048,686475,R,L,0,1,0-1,True,False,False,2,CH,Changeup,Changeup,swinging_strike,none,S,none,True,True,False,True,True,True,False,9,87.1,87.2,1699,6.4,1.29,54.12,5.31,1.05,0.1,0.69219014,1.600346755,3.126099081,1.57765748,36.2,,,,,,,-0.061,71.5,7.5,False,6,1,1,6,True,https://www.mlb.com/video/parker-messick-swinging-strike-to-tyler-tolbert-co7lfn?partnerId=web_multimedia-search_video-share,Pitch,
824393_33_1,2026-08-30,824393,R,33,1,4,Top,2,CLE,KC,"Messick, Parker",800048,686475,R,L,0,0,0-0,False,False,True,2,FF,Four-Seam Fastball,4-Seam Fastball,called_strike,none,S,none,True,False,False,False,True,True,False,7,94.5,95.0,2131,6.7,0.94,53.8,5.29,0.16,1.33,-0.313993524,1.71432838,3.126099081,1.57765748,41.8,,,,,,,-0.043,,,False,6,1,1,6,True,https://www.mlb.com/video/parker-messick-called-strike-to-tyler-tolbert-d8drfn?partnerId=web_multimedia-search_video-share,Pitch,
824393_32_6,2026-08-30,824393,R,32,6,4,Top,1,CLE,KC,"Messick, Parker",800048,670231,L,L,2,2,2-2,False,True,False,2,SI,Sinker,Sinker,called_strike,strikeout,S,none,True,False,False,False,True,True,False,4,94.8,95.7,2040,6.7,0.97,53.82,5.34,1.03,0.58,-0.332193814,2.222663644,3.135752953,1.582529528,38.3,,,,,0.0,0.0,-0.234,,,False,6,1,1,6,True,https://www.mlb.com/video/john-rave-called-out-on-strikes-ovg5zr?partnerId=web_multimedia-search_video-share,Pitch,
824393_32_5,2026-08-30,824393,R,32,5,4,Top,1,CLE,KC,"Messick, Parker",800048,670231,L,L,2,2,2-2,False,True,False,2,FF,Four-Seam Fastball,4-Seam Fastball,foul,none,S,none,True,True,True,False,False,True,False,7,95.7,96.0,2222,6.7,0.91,53.78,5.34,0.21,1.4,-0.492597481,1.863896018,3.135752953,1.582529528,42.3,82.3,42.0,249.0,,,,0.0,61.7,6.6,False,6,1,1,6,True,https://www.mlb.com/video/parker-messick-foul-to-john-rave-4xtnlf?partnerId=web_multimedia-search_video-share,Pitch,
824393_32_4,2026-08-30,824393,R,32,4,4,Top,1,CLE,KC,"Messick, Parker",800048,670231,L,L,1,2,1-2,True,True,False,2,CH,Changeup,Changeup,ball,none,B,none,False,False,False,False,False,False,False,14,86.6,86.5,1653,6.4,1.15,54.06,5.3,1.09,0.04,0.012103566,-0.407375548,3.135752953,1.582529528,36.7,,,,,,,0.052,,,False,6,1,1,6,True,https://www.mlb.com/video/parker-messick-ball-to-john-rave-gizit5?partnerId=web_multimedia-search_video-share,Pitch,
824393_32_3,2026-08-30,824393,R,32,3,4,Top,1,CLE,KC,"Messick, Parker",800048,670231,L,L,0,2,0-2,True,True,False,2,SL,Slider,Slider,ball,none,B,none,False,False,False,False,False,False,False,13,87.4,88.0,2314,6.6,1.11,53.88,5.37,-0.56,-0.11,-0.182342681,1.440459696,3.135752953,1.582529528,41.9,,,,,,,0.019,,,False,6,1,1,6,True,https://www.mlb.com/video/parker-messick-ball-to-john-rave-ykh2ty?partnerId=web_multimedia-search_video-share,Pitch,
824393_32_2,2026-08-30,824393,R,32,2,4,Top,1,CLE,KC,"Messick, Parker",800048,670231,L,L,0,1,0-1,True,False,False,2,SL,Slider,Slider,foul,none,S,none,True,True,True,False,False,False,True,13,88.0,88.3,2348,6.6,0.93,53.92,5.38,-0.41,0.13,-0.713942849,1.242142635,3.135752953,1.582529528,45.5,69.0,-23.0,3.0,,,,-0.057,86.6,7.4,False,6,1,1,6,True,https://www.mlb.com/video/parker-messick-foul-to-john-rave-h3hv6p?partnerId=web_multimedia-search_video-share,Pitch,
824393_32_1,2026-08-30,824393,R,32,1,4,Top,1,CLE,KC,"Messick, Parker",800048,670231,L,L,0,0,0-0,False,False,True,2,FF,Four-Seam Fastball,4-Seam Fastball,called_strike,none,S,none,True,False,False,False,True,True,False,5,93.2,93.5,2062,6.5,1.05,53.96,5.4,0.28,1.3,-0.118139784,2.292663248,3.135752953,1.582529528,41.5,,,,,,,-0.041,,,False,6,1,1,6,True,https://www.mlb.com/video/parker-messick-called-strike-to-john-rave-rfwnht?partnerId=web_multimedia-search_video-share,Pitch,
824393_31_3,2026-08-30,824393,R,31,3,4,Top,0,CLE,KC,"Messick, Parker",800048,679845,R,L,1,1,1-1,False,False,False,2,CH,Changeup,Changeup,hit_into_play,field_out,X,ground_ball,False,True,True,False,False,True,False,9,84.4,84.4,1604,6.3,1.24,54.16,5.27,1.07,0.04,0.354209521,1.686667927,3.18226706,1.606003937,36.2,105.9,-18.0,5.0,0.186,0.167,0.0,-0.247,72.3,7.5,True,6,1,1,6,True,https://www.mlb.com/video/nick-loftin-grounds-out-third-baseman-angel-genao-to-first-baseman-nathan?partnerId=web_multimedia-search_video-share,Pitch,
824393_31_2,2026-08-30,824393,R,31,2,4,Top,0,CLE,KC,"Messick, Parker",800048,679845,R,L,1,0,1-0,False,False,False,2,CU,Curveball,Curveball,called_strike,none,S,none,True,False,False,False,True,True,False,5,78.8,79.1,2198,6.5,1.16,54.02,5.46,-1.26,-0.52,0.11842719,2.191666508,3.18226706,1.606003937,41.4,,,,,,,-0.056,,,False,6,1,1,6,True,https://www.mlb.com/video/parker-messick-called-strike-to-nick-loftin?partnerId=web_multimedia-search_video-share,Pitch,
824393_31_1,2026-08-30,824393,R,31,1,4,Top,0,CLE,KC,"Messick, Parker",800048,679845,R,L,0,0,0-0,False,False,True,2,FF,Four-Seam Fastball,4-Seam Fastball,ball,none,B,none,False,False,False,False,False,False,False,12,91.7,92.3,2179,6.6,0.96,53.9,5.42,0.44,1.21,0.858073263,3.817822336,3.18226706,1.606003937,40.3,,,,,,,0.044,,,False,6,1,1,6,True,https://www.mlb.com/video/parker-messick-ball-to-nick-loftin-tcv7k0?partnerId=web_multimedia-search_video-share,Pitch,
824393_23_4,2026-08-30,824393,R,23,4,3,Top,2,CLE,KC,"Messick, Parker",800048,686469,L,L,1,2,1-2,True,True,False,2,CH,Changeup,Changeup,hit_into_play,field_out,X,popup,False,True,True,False,False,True,False,5,85.1,85.5,1873,6.4,1.19,54.12,5.35,1.08,0.24,0.094170741,2.593062617,3.363057743,1.697244095,35.5,80.6,54.0,225.0,0.017,0.015,0.0,-0.18,64.5,7.4,False,3,1,1,3,True,https://www.mlb.com/video/vinnie-pasquantino-pops-out-to-shortstop-brayan-rocchio?partnerId=web_multimedia-search_video-share,Pitch,
824393_23_3,2026-08-30,824393,R,23,3,3,Top,2,CLE,KC,"Messick, Parker",800048,686469,L,L,0,2,0-2,True,True,False,2,CU,Curveball,Curveball,ball,none,B,none,False,False,False,False,False,False,False,13,80.2,81.0,2398,6.6,0.96,53.85,5.49,-0.79,-0.44,-1.011479315,1.153179922,3.363057743,1.697244095,44.9,,,,,,,0.026,,,False,3,1,1,3,True,https://www.mlb.com/video/parker-messick-ball-to-vinnie-pasquantino-a1tszz?partnerId=web_multimedia-search_video-share,Pitch,
824393_23_2,2026-08-30,824393,R,23,2,3,Top,2,CLE,KC,"Messick, Parker",800048,686469,L,L,0,1,0-1,True,False,False,2,FF,Four-Seam Fastball,4-Seam Fastball,foul,none,S,none,True,True,True,False,False,True,False,5,95.0,96.0,2284,6.7,0.89,53.79,5.39,0.56,1.35,-0.140985052,2.770048884,3.363057743,1.697244095,41.8,76.5,59.0,202.0,,,,-0.061,66.5,6.9,False,3,1,1,3,True,https://www.mlb.com/video/parker-messick-foul-to-vinnie-pasquantino-paz1se?partnerId=web_multimedia-search_video-share,Pitch,
824393_23_1,2026-08-30,824393,R,23,1,3,Top,2,CLE,KC,"Messick, Parker",800048,686469,L,L,0,0,0-0,False,False,True,2,FF,Four-Seam Fastball,4-Seam Fastball,called_strike,none,S,none,True,False,False,False,True,True,False,1,94.4,95.2,2103,6.7,1.0,53.84,5.39,0.55,1.33,-0.686164691,3.229171993,3.363057743,1.697244095,42.7,,,,,,,-0.043,,,False,3,1,1,3,True,https://www.mlb.com/video/parker-messick-called-strike-to-vinnie-pasquantino-vk9mq4?partnerId=web_multimedia-search_video-share,Pitch,
824393_22_4,2026-08-30,824393,R,22,4,3,Top,1,CLE,KC,"Messick, Parker",800048,521692,R,L,2,1,2-1,False,False,False,2,FF,Four-Seam Fastball,4-Seam Fastball,hit_into_play,field_out,X,ground_ball,False,True,True,False,False,True,False,3,95.1,95.9,2288,6.7,1.03,53.82,5.35,0.48,1.41,0.321725731,3.250019508,3.312155512,1.671555118,40.8,100.1,5.0,102.0,0.597,0.551,0.0,-0.311,74.4,7.7,True,3,1,1,3,True,https://www.mlb.com/video/salvador-perez-grounds-out-shortstop-brayan-rocchio-to-first-baseman-nath-dacyyv?partnerId=web_multimedia-search_video-share,Pitch,
824393_22_3,2026-08-30,824393,R,22,3,3,Top,1,CLE,KC,"Messick, Parker",800048,521692,R,L,1,1,1-1,False,False,False,2,FF,Four-Seam Fastball,4-Seam Fastball,ball,none,B,none,False,False,False,False,False,False,False,11,94.8,95.4,2309,6.6,0.92,53.94,5.41,0.35,1.45,-0.932501469,3.780002077,3.312155512,1.671555118,40.7,,,,,,,0.057,,,False,3,1,1,3,True,https://www.mlb.com/video/parker-messick-ball-to-salvador-perez-z6ulzv?partnerId=web_multimedia-search_video-share,Pitch,
824393_22_2,2026-08-30,824393,R,22,2,3,Top,1,CLE,KC,"Messick, Parker",800048,521692,R,L,1,0,1-0,False,False,False,2,FF,Four-Seam Fastball,4-Seam Fastball,foul,none,S,none,True,True,True,False,False,False,True,11,94.4,94.8,2148,6.5,1.06,54.01,5.37,0.52,1.21,-0.389220152,3.659652061,3.312155512,1.671555118,38.9,76.4,55.0,225.0,,,,-0.05,70.4,7.1,False,3,1,1,3,True,https://www.mlb.com/video/parker-messick-foul-to-salvador-perez?partnerId=web_multimedia-search_video-share,Pitch,
824393_22_1,2026-08-30,824393,R,22,1,3,Top,1,CLE,KC,"Messick, Parker",800048,521692,R,L,0,0,0-0,False,False,True,2,FF,Four-Seam Fastball,4-Seam Fastball,ball,none,B,none,False,False,False,False,False,False,False,12,94.6,94.8,2217,6.5,1.13,53.96,5.38,0.6,1.37,0.281456581,4.24307369,3.312155512,1.671555118,39.2,,,,,,,0.042,,,False,3,1,1,3,True,https://www.mlb.com/video/parker-messick-ball-to-salvador-perez-vodynu?partnerId=web_multimedia-search_video-share,Pitch,
824393_21_5,2026-08-30,824393,R,21,5,3,Top,0,CLE,KC,"Messick, Parker",800048,695506,L,L,2,2,2-2,False,True,False,2,CH,Changeup,Changeup,swinging_strike,strikeout,S,none,True,True,False,True,True,False,True,13,85.9,86.0,1848,6.4,1.23,54.12,5.37,1.05,0.06,-0.615476838,0.918577891,3.401673228,1.716732283,37.6,,,,,0.0,0.0,-0.232,79.2,9.0,False,3,1,1,3,True,https://www.mlb.com/video/jac-caglianone-strikes-out-swinging-k5djl1?partnerId=web_multimedia-search_video-share,Pitch,
824393_21_4,2026-08-30,824393,R,21,4,3,Top,0,CLE,KC,"Messick, Parker",800048,695506,L,L,2,1,2-1,False,False,False,2,FF,Four-Seam Fastball,4-Seam Fastball,swinging_strike,none,S,none,True,True,False,True,True,False,True,13,94.7,95.5,2212,6.7,0.84,53.82,5.41,0.29,1.25,-1.226701365,1.882306018,3.401673228,1.716732283,49.6,,,,,,,-0.078,70.8,7.9,False,3,1,1,3,True,https://www.mlb.com/video/parker-messick-swinging-strike-to-jac-caglianone-mxp2qq?partnerId=web_multimedia-search_video-share,Pitch,
824393_21_3,2026-08-30,824393,R,21,3,3,Top,0,CLE,KC,"Messick, Parker",800048,695506,L,L,1,1,1-1,False,False,False,2,SL,Slider,Slider,ball,none,B,none,False,False,False,False,False,False,False,13,87.1,88.0,2451,6.7,1.01,53.79,5.39,-0.71,0.12,-1.886636206,1.136192285,3.401673228,1.716732283,45.8,,,,,,,0.064,,,False,3,1,1,3,True,https://www.mlb.com/video/parker-messick-ball-to-jac-caglianone-easgob?partnerId=web_multimedia-search_video-share,Pitch,
824393_21_2,2026-08-30,824393,R,21,2,3,Top,0,CLE,KC,"Messick, Parker",800048,695506,L,L,0,1,0-1,True,False,False,2,FF,Four-Seam Fastball,4-Seam Fastball,ball,none,B,none,False,False,False,False,False,False,False,12,93.1,93.7,2105,6.6,0.86,53.91,5.54,0.32,1.39,0.082876433,4.308236052,3.401673228,1.716732283,45.2,,,,,,,0.029,,,False,3,1,1,3,True,https://www.mlb.com/video/parker-messick-ball-to-jac-caglianone-a9gvte?partnerId=web_multimedia-search_video-share,Pitch,
824393_21_1,2026-08-30,824393,R,21,1,3,Top,0,CLE,KC,"Messick, Parker",800048,695506,L,L,0,0,0-0,False,False,True,2,SI,Sinker,Sinker,foul,none,S,none,True,True,True,False,False,True,False,8,92.4,92.4,2155,6.5,1.15,54.0,5.44,0.93,0.58,0.216271147,2.081133073,3.401673228,1.716732283,45.6,100.5,-5.0,21.0,,,,-0.042,81.4,8.7,True,3,1,1,3,True,https://www.mlb.com/video/parker-messick-foul-to-jac-caglianone-9rxe0o?partnerId=web_multimedia-search_video-share,Pitch,
824393_17_4,2026-08-30,824393,R,17,4,2,Top,2,CLE,KC,"Messick, Parker",800048,677951,R,L,2,1,2-1,False,False,False,2,FF,Four-Seam Fastball,4-Seam Fastball,hit_into_play,field_out,X,line_drive,False,True,True,False,False,True,False,1,95.5,95.8,2216,6.5,0.95,54.0,5.41,0.38,1.34,-0.34266892,3.112039043,3.238435039,1.634350394,41.2,97.2,25.0,342.0,0.274,0.387,0.0,-0.303,72.1,6.0,True,3,1,1,3,True,https://www.mlb.com/video/parker-messick-in-play-out-s-to-bobby-witt-jr?partnerId=web_multimedia-search_video-share,Pitch,
824393_17_3,2026-08-30,824393,R,17,3,2,Top,2,CLE,KC,"Messick, Parker",800048,677951,R,L,1,1,1-1,False,False,False,2,CH,Changeup,Changeup,ball,none,B,none,False,False,False,False,False,False,False,14,85.0,84.9,1939,6.4,1.29,54.1,5.36,1.17,0.19,0.560522885,0.739088159,3.238435039,1.634350394,37.6,,,,,,,0.037,,,False,3,1,1,3,True,https://www.mlb.com/video/parker-messick-ball-to-bobby-witt-jr-b3he4p?partnerId=web_multimedia-search_video-share,Pitch,
824393_17_2,2026-08-30,824393,R,17,2,2,Top,2,CLE,KC,"Messick, Parker",800048,677951,R,L,1,0,1-0,False,False,False,2,FF,Four-Seam Fastball,4-Seam Fastball,foul,none,S,none,True,True,True,False,False,True,False,1,94.8,95.4,2249,6.5,1.0,53.97,5.35,0.36,1.38,-0.298480464,2.961455606,3.238435039,1.634350394,41.7,77.5,15.0,176.0,,,,-0.045,73.3,5.9,False,3,1,1,3,True,https://www.mlb.com/video/parker-messick-foul-to-bobby-witt-jr-5wn0me?partnerId=web_multimedia-search_video-share,Pitch,
824393_17_1,2026-08-30,824393,R,17,1,2,Top,2,CLE,KC,"Messick, Parker",800048,677951,R,L,0,0,0-0,False,False,True,2,SL,Slider,Slider,ball,none,B,none,False,False,False,False,False,False,False,12,87.9,88.4,2440,6.5,1.22,54.0,5.44,-0.59,0.07,1.058294282,2.550783658,3.238435039,1.634350394,40.3,,,,,,,0.028,,,False,3,1,1,3,True,https://www.mlb.com/video/parker-messick-ball-to-bobby-witt-jr-zqszvj?partnerId=web_multimedia-search_video-share,Pitch,
824393_16_6,2026-08-30,824393,R,16,6,2,Top,2,CLE,KC,"Messick, Parker",800048,695600,L,L,3,2,3-2,False,True,False,2,SI,Sinker,Sinker,ball,walk,B,none,False,False,False,False,False,False,False,12,93.5,93.7,2142,6.4,1.09,54.13,5.42,1.08,0.69,1.246466502,4.423394624,3.191043307,1.610433071,41.2,,,,,0.698089,0.7,0.212,,,False,3,1,1,3,True,https://www.mlb.com/video/carter-jensen-walks-kyle-isbel-to-2nd-bq8xut?partnerId=web_multimedia-search_video-share,Pitch,
824393_16_5,2026-08-30,824393,R,16,5,2,Top,2,CLE,KC,"Messick, Parker",800048,695600,L,L,2,2,2-2,False,True,False,2,SI,Sinker,Sinker,ball,none,B,none,False,False,False,False,False,False,False,13,92.9,93.3,2140,6.5,1.07,54.0,5.36,1.12,0.62,-0.945311362,1.897242656,3.191043307,1.610433071,39.7,,,,,,,0.081,,,False,3,1,1,3,True,https://www.mlb.com/video/parker-messick-ball-to-carter-jensen-6mxaur?partnerId=web_multimedia-search_video-share,Pitch,
824393_16_4,2026-08-30,824393,R,16,4,2,Top,2,CLE,KC,"Messick, Parker",800048,695600,L,L,1,2,1-2,True,True,False,2,CH,Changeup,Changeup,ball,none,B,none,False,False,False,False,False,False,False,14,85.2,85.3,1817,6.3,1.35,54.24,5.37,0.94,0.05,0.877798258,1.420163212,3.191043307,1.610433071,37.1,,,,,,,0.05,,,False,3,1,1,3,True,https://www.mlb.com/video/parker-messick-ball-to-carter-jensen-bhkymg?partnerId=web_multimedia-search_video-share,Pitch,
824393_16_3,2026-08-30,824393,R,16,3,2,Top,2,CLE,KC,"Messick, Parker",800048,695600,L,L,1,1,1-1,False,False,False,2,SI,Sinker,Sinker,foul,none,S,none,True,True,True,False,False,True,False,6,92.8,92.9,2141,6.5,1.04,54.02,5.4,0.94,0.61,0.356695012,2.599552632,3.191043307,1.610433071,40.4,74.4,80.0,67.0,,,,-0.066,73.3,7.3,False,3,1,1,3,True,https://www.mlb.com/video/parker-messick-foul-to-carter-jensen-bzyx3f?partnerId=web_multimedia-search_video-share,Pitch,
824393_16_2,2026-08-30,824393,R,16,2,2,Top,2,CLE,KC,"Messick, Parker",800048,695600,L,L,1,0,1-0,False,False,False,2,SL,Slider,Slider,called_strike,none,S,none,True,False,False,False,True,True,False,1,86.7,87.1,2477,6.5,1.03,53.98,5.47,-0.66,0.08,-0.479604779,2.835086133,3.191043307,1.610433071,47.0,,,,,,,-0.048,,,False,3,1,1,3,True,https://www.mlb.com/video/parker-messick-called-strike-to-carter-jensen?partnerId=web_multimedia-search_video-share,Pitch,
824393_16_1,2026-08-30,824393,R,16,1,2,Top,2,CLE,KC,"Messick, Parker",800048,695600,L,L,0,0,0-0,False,False,True,2,FF,Four-Seam Fastball,4-Seam Fastball,ball,none,B,none,False,False,False,False,False,False,False,11,93.2,93.0,2228,6.5,0.9,53.97,5.42,0.23,1.31,-0.994131257,3.382670995,3.191043307,1.610433071,42.8,,,,,,,0.034,,,False,3,1,1,3,True,https://www.mlb.com/video/parker-messick-ball-to-carter-jensen-k7heqr?partnerId=web_multimedia-search_video-share,Pitch,
824393_15_3,2026-08-30,824393,R,15,3,2,Top,1,CLE,KC,"Messick, Parker",800048,664728,L,L,1,1,1-1,False,False,False,1,SI,Sinker,Sinker,hit_into_play,force_out,X,ground_ball,False,True,True,False,False,True,False,2,91.6,91.9,2160,6.5,1.21,54.01,5.41,1.02,0.83,0.262480828,3.011267509,3.113812336,1.571456693,37.6,80.5,-8.0,17.0,0.121,0.109,0.0,-0.309,60.9,6.5,False,3,1,1,3,True,https://www.mlb.com/video/parker-messick-in-play-out-s-to-kyle-isbel-x7rfj1?partnerId=web_multimedia-search_video-share,Pitch,
824393_15_2,2026-08-30,824393,R,15,2,2,Top,1,CLE,KC,"Messick, Parker",800048,664728,L,L,1,0,1-0,False,False,False,1,SL,Slider,Slider,foul,none,S,none,True,True,True,False,False,False,True,13,87.6,88.0,2332,6.6,1.13,53.92,5.41,-0.76,0.24,-0.876975755,1.189373365,3.113812336,1.571456693,41.2,,,,,,,-0.046,72.4,7.7,False,3,1,1,3,True,https://www.mlb.com/video/parker-messick-foul-to-kyle-isbel-9gcbwe?partnerId=web_multimedia-search_video-share,Pitch,
824393_15_1,2026-08-30,824393,R,15,1,2,Top,1,CLE,KC,"Messick, Parker",800048,664728,L,L,0,0,0-0,False,False,True,1,SI,Sinker,Sinker,ball,none,B,none,False,False,False,False,False,False,False,12,92.3,92.6,1991,6.5,1.1,53.98,5.38,1.23,0.72,1.230995463,2.830222142,3.113812336,1.571456693,39.7,,,,,,,0.035,,,False,3,1,1,3,True,https://www.mlb.com/video/parker-messick-ball-to-kyle-isbel-v7z8o0?partnerId=web_multimedia-search_video-share,Pitch,
824393_14_2,2026-08-30,824393,R,14,2,2,Top,0,CLE,KC,"Messick, Parker",800048,686475,R,L,1,0,1-0,False,False,False,1,FF,Four-Seam Fastball,4-Seam Fastball,hit_into_play,field_out,X,fly_ball,False,True,True,False,False,True,False,6,93.4,93.8,2103,6.6,1.05,53.9,5.36,0.6,1.15,0.439980056,2.437094412,3.126099081,1.57765748,40.2,95.5,26.0,331.0,0.211,0.288,0.0,-0.285,64.3,6.4,True,3,1,1,3,True,https://www.mlb.com/video/parker-messick-in-play-out-s-to-tyler-tolbert-twqldw?partnerId=web_multimedia-search_video-share,Pitch,
824393_14_1,2026-08-30,824393,R,14,1,2,Top,0,CLE,KC,"Messick, Parker",800048,686475,R,L,0,0,0-0,False,False,True,1,FF,Four-Seam Fastball,4-Seam Fastball,ball,none,B,none,False,False,False,False,False,False,False,11,92.2,92.2,2126,6.4,1.03,54.08,5.4,0.39,1.18,-1.062712281,4.062059482,3.126099081,1.57765748,38.6,,,,,,,0.037,,,False,3,1,1,3,True,https://www.mlb.com/video/parker-messick-ball-to-tyler-tolbert?partnerId=web_multimedia-search_video-share,Pitch,
824393_13_7,2026-08-30,824393,R,13,7,2,Top,0,CLE,KC,"Messick, Parker",800048,670231,L,L,3,2,3-2,False,True,False,1,FF,Four-Seam Fastball,4-Seam Fastball,ball,walk,B,none,False,False,False,False,False,False,False,12,94.5,95.1,2131,6.6,0.99,53.87,5.45,0.49,1.31,0.365647897,4.438270786,3.135752953,1.582529528,43.9,,,,,0.698089,0.7,0.362,,,False,3,1,1,3,True,https://www.mlb.com/video/john-rave-walks-dgn7fl?partnerId=web_multimedia-search_video-share,Pitch,
824393_13_6,2026-08-30,824393,R,13,6,2,Top,0,CLE,KC,"Messick, Parker",800048,670231,L,L,3,2,3-2,False,True,False,1,FF,Four-Seam Fastball,4-Seam Fastball,foul,none,S,none,True,True,True,False,False,True,False,5,94.5,95.0,2056,6.6,1.08,53.87,5.36,0.31,1.38,-0.105058961,2.565536016,3.135752953,1.582529528,39.8,75.9,51.0,218.0,,,,0.0,71.4,6.6,False,3,1,1,3,True,https://www.mlb.com/video/parker-messick-foul-to-john-rave-3aqxfh?partnerId=web_multimedia-search_video-share,Pitch,
824393_13_5,2026-08-30,824393,R,13,5,2,Top,0,CLE,KC,"Messick, Parker",800048,670231,L,L,2,2,2-2,False,True,False,1,FF,Four-Seam Fastball,4-Seam Fastball,ball,none,B,none,False,False,False,False,False,False,False,13,95.0,95.6,2161,6.7,0.99,53.79,5.37,0.46,1.21,-0.002862808,1.403637946,3.135752953,1.582529528,44.7,,,,,,,0.112,,,False,3,1,1,3,True,https://www.mlb.com/video/parker-messick-ball-to-john-rave-gotcst?partnerId=web_multimedia-search_video-share,Pitch,
824393_13_4,2026-08-30,824393,R,13,4,2,Top,0,CLE,KC,"Messick, Parker",800048,670231,L,L,2,1,2-1,False,False,False,1,FF,Four-Seam Fastball,4-Seam Fastball,foul,none,S,none,True,True,True,False,False,True,False,1,94.2,94.6,2161,6.7,0.95,53.78,5.43,0.47,1.44,-0.341425886,2.714102292,3.135752953,1.582529528,42.4,,,,,,,-0.078,74.0,6.9,False,3,1,1,3,True,https://www.mlb.com/video/parker-messick-foul-to-john-rave?partnerId=web_multimedia-search_video-share,Pitch,
824393_13_3,2026-08-30,824393,R,13,3,2,Top,0,CLE,KC,"Messick, Parker",800048,670231,L,L,1,1,1-1,False,False,False,1,SL,Slider,Slider,ball,none,B,none,False,False,False,False,False,False,False,13,87.5,87.9,2390,6.7,1.03,53.79,5.38,-0.81,0.21,-0.586904965,0.799814706,3.135752953,1.582529528,48.3,,,,,,,0.064,,,False,3,1,1,3,True,https://www.mlb.com/video/parker-messick-ball-to-john-rave-aie32t?partnerId=web_multimedia-search_video-share,Pitch,
824393_13_2,2026-08-30,824393,R,13,2,2,Top,0,CLE,KC,"Messick, Parker",800048,670231,L,L,1,0,1-0,False,False,False,1,FF,Four-Seam Fastball,4-Seam Fastball,called_strike,none,S,none,True,False,False,False,True,True,False,7,93.3,93.5,2140,6.7,0.92,53.85,5.48,0.35,1.41,-0.478763815,1.760199342,3.135752953,1.582529528,47.6,,,,,,,-0.056,,,False,3,1,1,3,True,https://www.mlb.com/video/parker-messick-called-strike-to-john-rave?partnerId=web_multimedia-search_video-share,Pitch,
824393_13_1,2026-08-30,824393,R,13,1,2,Top,0,CLE,KC,"Messick, Parker",800048,670231,L,L,0,0,0-0,False,False,True,1,FF,Four-Seam Fastball,4-Seam Fastball,ball,none,B,none,False,False,False,False,False,False,False,12,93.0,93.0,2109,6.6,1.05,53.93,5.54,0.51,1.46,0.931883406,3.753826824,3.135752953,1.582529528,41.5,,,,,,,0.044,,,False,3,1,1,3,True,https://www.mlb.com/video/parker-messick-ball-to-john-rave-nhvm1p?partnerId=web_multimedia-search_video-share,Pitch,
824393_6_6,2026-08-30,824393,R,6,6,1,Top,2,CLE,KC,"Messick, Parker",800048,679845,R,L,1,2,1-2,True,True,False,1,CH,Changeup,Changeup,swinging_strike_blocked,strikeout,S,none,True,True,False,True,True,False,True,14,85.7,85.5,1988,6.3,1.32,54.15,5.31,1.31,-0.24,0.429018569,0.362734935,3.18226706,1.606003937,33.6,,,,,0.0,0.0,-0.194,60.7,8.2,False,0,1,1,0,True,https://www.mlb.com/video/nick-loftin-strikes-out-swinging-psijt6?partnerId=web_multimedia-search_video-share,Pitch,
824393_6_5,2026-08-30,824393,R,6,5,1,Top,2,CLE,KC,"Messick, Parker",800048,679845,R,L,1,2,1-2,True,True,False,1,FF,Four-Seam Fastball,4-Seam Fastball,foul,none,S,none,True,True,True,False,False,True,False,2,95.2,95.5,2229,6.5,1.17,54.02,5.41,0.41,1.17,0.05351428,3.02074814,3.18226706,1.606003937,37.7,76.4,23.0,218.0,,,,0.0,60.7,5.8,False,0,1,1,0,True,https://www.mlb.com/video/parker-messick-foul-to-nick-loftin-swo7zp?partnerId=web_multimedia-search_video-share,Pitch,
824393_6_4,2026-08-30,824393,R,6,4,1,Top,2,CLE,KC,"Messick, Parker",800048,679845,R,L,1,2,1-2,True,True,False,1,CH,Changeup,Changeup,foul,none,S,none,True,True,True,False,False,False,True,14,87.0,86.9,2118,6.3,1.3,54.18,5.36,1.29,0.09,0.23029297,0.86501307,3.18226706,1.606003937,36.9,53.6,36.0,133.0,,,,0.0,34.0,7.4,False,0,1,1,0,True,https://www.mlb.com/video/parker-messick-foul-to-nick-loftin?partnerId=web_multimedia-search_video-share,Pitch,
824393_6_3,2026-08-30,824393,R,6,3,1,Top,2,CLE,KC,"Messick, Parker",800048,679845,R,L,1,1,1-1,False,False,False,1,CH,Changeup,Changeup,swinging_strike_blocked,none,S,none,True,True,False,True,True,False,True,14,85.9,85.6,1859,6.3,1.25,54.23,5.37,1.23,-0.26,0.310573597,0.31920656,3.18226706,1.606003937,36.7,,,,,,,-0.078,25.8,7.0,False,0,1,1,0,True,https://www.mlb.com/video/parker-messick-swinging-strike-blocked-to-nick-loftin?partnerId=web_multimedia-search_video-share,Pitch,
824393_6_2,2026-08-30,824393,R,6,2,1,Top,2,CLE,KC,"Messick, Parker",800048,679845,R,L,1,0,1-0,False,False,False,1,CH,Changeup,Changeup,swinging_strike,none,S,none,True,True,False,True,True,False,True,14,85.9,85.8,1901,6.2,1.37,54.31,5.39,1.23,-0.02,1.188171074,1.580634452,3.18226706,1.606003937,33.4,,,,,,,-0.029,68.1,8.0,False,0,1,1,0,True,https://www.mlb.com/video/parker-messick-swinging-strike-to-nick-loftin?partnerId=web_multimedia-search_video-share,Pitch,
824393_6_1,2026-08-30,824393,R,6,1,1,Top,2,CLE,KC,"Messick, Parker",800048,679845,R,L,0,0,0-0,False,False,True,1,CH,Changeup,Changeup,blocked_ball,none,B,none,False,False,False,False,False,False,False,13,86.7,86.4,1922,6.3,1.29,54.17,5.37,1.58,0.08,-0.804194709,0.402056622,3.18226706,1.606003937,36.0,,,,,,,0.017,,,False,0,1,1,0,True,https://www.mlb.com/video/parker-messick-ball-in-dirt-to-nick-loftin?partnerId=web_multimedia-search_video-share,Pitch,
824393_5_7,2026-08-30,824393,R,5,7,1,Top,2,CLE,KC,"Messick, Parker",800048,686469,L,L,2,2,2-2,False,True,False,1,FF,Four-Seam Fastball,4-Seam Fastball,hit_into_play,single,X,line_drive,False,True,True,False,False,True,False,6,96.0,96.3,2263,6.5,0.98,53.97,5.45,0.27,1.29,0.279788868,2.843514607,3.363057743,1.697244095,40.1,97.3,18.0,274.0,0.431,0.477,0.9,0.371,67.8,7.3,True,0,1,1,0,True,https://www.mlb.com/video/vinnie-pasquantino-singles-on-a-line-drive-to-right-fielder-chase-delaute?partnerId=web_multimedia-search_video-share,Pitch,
824393_5_6,2026-08-30,824393,R,5,6,1,Top,2,CLE,KC,"Messick, Parker",800048,686469,L,L,2,2,2-2,False,True,False,1,SI,Sinker,Sinker,foul,none,S,none,True,True,True,False,False,True,False,6,94.1,94.7,2141,6.5,1.06,53.98,5.37,0.93,0.71,0.289258255,2.522294178,3.363057743,1.697244095,40.3,,,,,,,0.0,69.9,7.6,False,0,1,1,0,True,https://www.mlb.com/video/parker-messick-foul-to-vinnie-pasquantino-5pyquw?partnerId=web_multimedia-search_video-share,Pitch,
824393_5_5,2026-08-30,824393,R,5,5,1,Top,2,CLE,KC,"Messick, Parker",800048,686469,L,L,1,2,1-2,True,True,False,1,SL,Slider,Slider,ball,none,B,none,False,False,False,False,False,False,False,13,89.4,89.9,2485,6.5,1.0,54.02,5.46,-0.81,0.24,-0.726472133,1.349430081,3.363057743,1.697244095,42.1,,,,,,,0.05,,,False,0,1,1,0,True,https://www.mlb.com/video/parker-messick-ball-to-vinnie-pasquantino-0poujw?partnerId=web_multimedia-search_video-share,Pitch,
824393_5_4,2026-08-30,824393,R,5,4,1,Top,2,CLE,KC,"Messick, Parker",800048,686469,L,L,1,2,1-2,True,True,False,1,FF,Four-Seam Fastball,4-Seam Fastball,foul,none,S,none,True,True,True,False,False,True,False,2,95.4,95.9,2155,6.5,0.87,53.96,5.49,0.31,1.29,-0.064206185,3.463166031,3.363057743,1.697244095,42.7,78.5,25.0,230.0,,,,0.0,64.2,6.6,False,0,1,1,0,True,https://www.mlb.com/video/parker-messick-foul-to-vinnie-pasquantino?partnerId=web_multimedia-search_video-share,Pitch,
824393_5_3,2026-08-30,824393,R,5,3,1,Top,2,CLE,KC,"Messick, Parker",800048,686469,L,L,0,2,0-2,True,True,False,1,FF,Four-Seam Fastball,4-Seam Fastball,ball,none,B,none,False,False,False,False,False,False,False,13,95.7,96.3,2323,6.7,0.9,53.85,5.46,-0.02,1.29,-1.565389628,2.38111325,3.363057743,1.697244095,45.0,,,,,,,0.02,,,False,0,1,1,0,True,https://www.mlb.com/video/parker-messick-ball-to-vinnie-pasquantino-7pprzy?partnerId=web_multimedia-search_video-share,Pitch,
824393_5_2,2026-08-30,824393,R,5,2,1,Top,2,CLE,KC,"Messick, Parker",800048,686469,L,L,0,1,0-1,True,False,False,1,FF,Four-Seam Fastball,4-Seam Fastball,swinging_strike,none,S,none,True,True,False,True,True,True,False,1,95.1,95.6,2201,6.6,0.99,53.9,5.44,0.27,1.27,-0.657295068,3.28768957,3.363057743,1.697244095,40.4,,,,,,,-0.06,66.5,6.7,False,0,1,1,0,True,https://www.mlb.com/video/parker-messick-swinging-strike-to-vinnie-pasquantino-rm7s8x?partnerId=web_multimedia-search_video-share,Pitch,
824393_5_1,2026-08-30,824393,R,5,1,1,Top,2,CLE,KC,"Messick, Parker",800048,686469,L,L,0,0,0-0,False,False,True,1,FF,Four-Seam Fastball,4-Seam Fastball,swinging_strike,none,S,none,True,True,False,True,True,False,True,12,95.0,95.2,2256,6.5,0.98,54.02,5.48,0.24,1.34,0.033602569,3.979135385,3.363057743,1.697244095,43.2,,,,,,,-0.04,41.3,5.8,False,0,1,1,0,True,https://www.mlb.com/video/parker-messick-swinging-strike-to-vinnie-pasquantino?partnerId=web_multimedia-search_video-share,Pitch,
824393_4_2,2026-08-30,824393,R,4,2,1,Top,2,CLE,KC,"Messick, Parker",800048,521692,R,L,1,0,1-0,False,False,False,1,FF,Four-Seam Fastball,4-Seam Fastball,hit_into_play,single,X,fly_ball,False,True,True,False,False,True,False,4,95.8,96.0,2249,6.5,1.12,53.95,5.37,0.54,1.43,-0.730504114,2.636244412,3.312155512,1.671555118,39.0,67.0,35.0,221.0,0.84,0.789,0.9,0.66,69.9,6.7,False,0,0,0,0,True,https://www.mlb.com/video/salvador-perez-singles-on-a-fly-ball-to-right-fielder-chase-delauter-jac?partnerId=web_multimedia-search_video-share,Pitch,
824393_4_1,2026-08-30,824393,R,4,1,1,Top,2,CLE,KC,"Messick, Parker",800048,521692,R,L,0,0,0-0,False,False,True,1,FF,Four-Seam Fastball,4-Seam Fastball,ball,none,B,none,False,False,False,False,False,False,False,11,95.1,95.1,2144,6.4,1.07,54.08,5.43,0.45,1.23,-0.351149097,4.086813442,3.312155512,1.671555118,40.6,,,,,,,0.024,,,False,0,0,0,0,True,https://www.mlb.com/video/parker-messick-ball-to-salvador-perez?partnerId=web_multimedia-search_video-share,Pitch,
824393_3_6,2026-08-30,824393,R,3,6,1,Top,2,CLE,KC,"Messick, Parker",800048,695506,L,L,3,2,3-2,False,True,False,1,SI,Sinker,Sinker,hit_into_play,double,X,line_drive,False,True,True,False,False,False,True,12,95.5,96.0,2106,6.5,1.04,53.96,5.37,1.4,0.96,0.917723092,2.642813796,3.401673228,1.716732283,39.2,108.0,5.0,120.0,0.64,0.59,1.25,0.512,75.6,7.8,True,0,0,0,0,True,https://www.mlb.com/video/parker-messick-in-play-no-out-to-jac-caglianone?partnerId=web_multimedia-search_video-share,Pitch,
824393_3_5,2026-08-30,824393,R,3,5,1,Top,2,CLE,KC,"Messick, Parker",800048,695506,L,L,2,2,2-2,False,True,False,1,SI,Sinker,Sinker,ball,none,B,none,False,False,False,False,False,False,False,13,95.5,96.6,2093,6.6,1.03,53.85,5.41,1.07,0.62,-0.958489511,2.124921616,3.401673228,1.716732283,39.1,,,,,,,0.081,,,False,0,0,0,0,True,https://www.mlb.com/video/parker-messick-ball-to-jac-caglianone-e24red?partnerId=web_multimedia-search_video-share,Pitch,
824393_3_4,2026-08-30,824393,R,3,4,1,Top,2,CLE,KC,"Messick, Parker",800048,695506,L,L,1,2,1-2,True,True,False,1,SL,Slider,Slider,ball,none,B,none,False,False,False,False,False,False,False,13,88.8,89.2,2516,6.7,0.94,53.81,5.47,-0.51,0.02,-2.416022955,-0.826531973,3.401673228,1.716732283,42.9,,,,,,,0.041,,,False,0,0,0,0,True,https://www.mlb.com/video/parker-messick-ball-to-jac-caglianone-gp6tvv?partnerId=web_multimedia-search_video-share,Pitch,
824393_3_3,2026-08-30,824393,R,3,3,1,Top,2,CLE,KC,"Messick, Parker",800048,695506,L,L,1,1,1-1,False,False,False,1,SL,Slider,Slider,swinging_strike,none,S,none,True,True,False,True,True,False,True,13,88.2,88.9,2364,6.5,0.95,53.99,5.47,-0.39,0.09,-1.070166676,0.916203591,3.401673228,1.716732283,42.6,,,,,,,-0.065,52.2,8.9,False,0,0,0,0,True,https://www.mlb.com/video/parker-messick-swinging-strike-to-jac-caglianone?partnerId=web_multimedia-search_video-share,Pitch,
824393_3_2,2026-08-30,824393,R,3,2,1,Top,2,CLE,KC,"Messick, Parker",800048,695506,L,L,0,1,0-1,True,False,False,1,FF,Four-Seam Fastball,4-Seam Fastball,ball,none,B,none,False,False,False,False,False,False,False,11,96.0,96.5,2193,6.6,1.01,53.93,5.53,0.3,1.39,-0.945026676,4.04691558,3.401673228,1.716732283,44.1,,,,,,,0.03,,,False,0,0,0,0,True,https://www.mlb.com/video/parker-messick-ball-to-jac-caglianone?partnerId=web_multimedia-search_video-share,Pitch,
824393_3_1,2026-08-30,824393,R,3,1,1,Top,2,CLE,KC,"Messick, Parker",800048,695506,L,L,0,0,0-0,False,False,True,1,SI,Sinker,Sinker,foul,none,S,none,True,True,True,False,False,True,False,6,93.8,94.6,2080,6.6,1.16,53.94,5.42,1.21,0.67,0.350501544,2.530744719,3.401673228,1.716732283,40.2,78.5,-26.0,6.0,,,,-0.043,77.7,8.5,False,0,0,0,0,True,https://www.mlb.com/video/parker-messick-foul-to-jac-caglianone?partnerId=web_multimedia-search_video-share,Pitch,
824393_2_6,2026-08-30,824393,R,2,6,1,Top,1,CLE,KC,"Messick, Parker",800048,677951,R,L,3,2,3-2,False,True,False,1,CH,Changeup,Changeup,hit_into_play,field_out,X,ground_ball,False,True,True,False,False,False,True,14,87.3,87.4,2010,6.2,1.33,54.32,5.32,1.46,0.26,1.352253366,2.166399225,3.238435039,1.634350394,34.1,74.5,-21.0,5.0,0.056,0.054,0.0,-0.345,76.5,7.3,False,0,0,0,0,True,https://www.mlb.com/video/bobby-witt-jr-grounds-out-first-baseman-nathaniel-lowe-to-pitcher-parker-?partnerId=web_multimedia-search_video-share,Pitch,
824393_2_5,2026-08-30,824393,R,2,5,1,Top,1,CLE,KC,"Messick, Parker",800048,677951,R,L,2,2,2-2,False,True,False,1,SL,Slider,Slider,ball,none,B,none,False,False,False,False,False,False,False,14,87.6,88.3,2406,6.5,1.05,54.01,5.41,-0.47,0.24,0.377888112,1.005980889,3.238435039,1.634350394,44.0,,,,,,,0.111,,,False,0,0,0,0,True,https://www.mlb.com/video/parker-messick-ball-to-bobby-witt-jr-xojrj0?partnerId=web_multimedia-search_video-share,Pitch,
824393_2_4,2026-08-30,824393,R,2,4,1,Top,1,CLE,KC,"Messick, Parker",800048,677951,R,L,1,2,1-2,True,True,False,1,CH,Changeup,Changeup,ball,none,B,none,False,False,False,False,False,False,False,14,87.3,87.3,1981,6.2,1.2,54.28,5.36,1.19,0.01,0.596297513,0.445016923,3.238435039,1.634350394,40.5,,,,,,,0.052,,,False,0,0,0,0,True,https://www.mlb.com/video/parker-messick-ball-to-bobby-witt-jr-kkql2u?partnerId=web_multimedia-search_video-share,Pitch,
824393_2_3,2026-08-30,824393,R,2,3,1,Top,1,CLE,KC,"Messick, Parker",800048,677951,R,L,0,2,0-2,True,True,False,1,SL,Slider,Slider,ball,none,B,none,False,False,False,False,False,False,False,13,87.6,88.5,2458,6.6,1.08,53.89,5.45,-0.51,0.27,-1.787170852,1.437597272,3.238435039,1.634350394,40.8,,,,,,,0.019,,,False,0,0,0,0,True,https://www.mlb.com/video/parker-messick-ball-to-bobby-witt-jr?partnerId=web_multimedia-search_video-share,Pitch,
824393_2_2,2026-08-30,824393,R,2,2,1,Top,1,CLE,KC,"Messick, Parker",800048,677951,R,L,0,1,0-1,True,False,False,1,FF,Four-Seam Fastball,4-Seam Fastball,foul,none,S,none,True,True,True,False,False,True,False,1,94.5,94.8,2146,6.6,0.98,53.91,5.42,0.65,1.13,-0.542150365,2.787866265,3.238435039,1.634350394,39.9,70.9,31.0,220.0,,,,-0.057,73.4,6.4,False,0,0,0,0,True,https://www.mlb.com/video/parker-messick-foul-to-bobby-witt-jr?partnerId=web_multimedia-search_video-share,Pitch,
824393_2_1,2026-08-30,824393,R,2,1,1,Top,1,CLE,KC,"Messick, Parker",800048,677951,R,L,0,0,0-0,False,False,True,1,FF,Four-Seam Fastball,4-Seam Fastball,called_strike,none,S,none,True,False,False,False,True,True,False,2,94.4,94.9,2167,6.6,1.01,53.94,5.5,0.59,1.29,0.255347194,3.062508151,3.238435039,1.634350394,40.9,,,,,,,-0.041,,,False,0,0,0,0,True,https://www.mlb.com/video/parker-messick-called-strike-to-bobby-witt-jr?partnerId=web_multimedia-search_video-share,Pitch,
824393_1_4,2026-08-30,824393,R,1,4,1,Top,0,CLE,KC,"Messick, Parker",800048,695600,L,L,2,1,2-1,False,False,False,1,SI,Sinker,Sinker,hit_into_play,field_out,X,ground_ball,False,True,True,False,False,True,False,2,93.2,94.0,2109,6.6,1.1,53.88,5.38,1.35,0.95,0.041823271,2.803853717,3.191043307,1.610433071,39.5,93.3,-29.0,5.0,0.073,0.066,0.0,-0.31,83.5,7.6,False,0,0,0,0,True,https://www.mlb.com/video/parker-messick-in-play-out-s-to-carter-jensen?partnerId=web_multimedia-search_video-share,Pitch,
824393_1_3,2026-08-30,824393,R,1,3,1,Top,0,CLE,KC,"Messick, Parker",800048,695600,L,L,1,1,1-1,False,False,False,1,FF,Four-Seam Fastball,4-Seam Fastball,ball,none,B,none,False,False,False,False,False,False,False,13,95.0,95.7,2258,6.7,0.89,53.78,5.47,0.23,1.28,-1.097182254,2.196396847,3.191043307,1.610433071,42.9,,,,,,,0.064,,,False,0,0,0,0,True,https://www.mlb.com/video/parker-messick-ball-to-carter-jensen-emxfvz?partnerId=web_multimedia-search_video-share,Pitch,
824393_1_2,2026-08-30,824393,R,1,2,1,Top,0,CLE,KC,"Messick, Parker",800048,695600,L,L,1,0,1-0,False,False,False,1,SI,Sinker,Sinker,foul,none,S,none,True,True,True,False,False,True,False,6,92.1,92.7,2053,6.5,1.12,53.96,5.49,1.16,0.64,0.693137035,2.672308481,3.191043307,1.610433071,40.2,108.3,13.0,207.0,,,,-0.056,74.9,8.1,True,0,0,0,0,True,https://www.mlb.com/video/parker-messick-foul-to-carter-jensen?partnerId=web_multimedia-search_video-share,Pitch,
824393_1_1,2026-08-30,824393,R,1,1,1,Top,0,CLE,KC,"Messick, Parker",800048,695600,L,L,0,0,0-0,False,False,True,1,SI,Sinker,Sinker,ball,none,B,none,False,False,False,False,False,False,False,12,92.0,92.8,2019,6.4,1.16,54.08,5.48,1.13,0.57,1.065785366,3.192965754,3.191043307,1.610433071,40.4,,,,,,,0.044,,,False,0,0,0,0,True,https://www.mlb.com/video/parker-messick-ball-to-carter-jensen?partnerId=web_multimedia-search_video-share,Pitch,
823992_49_7,2026-08-24,823992,R,49,7,6,Bot,1,LAA,CLE,"Messick, Parker",800048,687093,R,L,2,2,2-2,False,True,False,3,FF,Four-Seam Fastball,4-Seam Fastball,hit_into_play,grounded_into_double_play,X,ground_ball,False,True,True,False,False,True,False,1,95.0,95.1,2103,6.4,1.12,54.14,5.4,0.25,1.36,-0.296240022,2.935545123,3.301624016,1.666240158,44.6,66.8,-16.0,9.0,0.033,0.03,0.0,-0.295,61.5,5.3,False,1,4,1,4,True,https://www.mlb.com/video/parker-messick-in-play-out-s-to-vaughn-grissom-iheu1p?partnerId=web_multimedia-search_video-share,Pitch,
823992_49_6,2026-08-24,823992,R,49,6,6,Bot,1,LAA,CLE,"Messick, Parker",800048,687093,R,L,2,2,2-2,False,True,False,3,FF,Four-Seam Fastball,4-Seam Fastball,foul,none,S,none,True,True,True,False,False,True,False,3,94.8,95.4,2201,6.5,1.09,54.01,5.4,0.28,1.37,0.763299478,3.069341799,3.301624016,1.666240158,39.6,79.6,17.0,189.0,,,,0.0,67.2,5.9,False,1,4,1,4,True,https://www.mlb.com/video/parker-messick-foul-to-vaughn-grissom-fvhvcc?partnerId=web_multimedia-search_video-share,Pitch,
823992_49_5,2026-08-24,823992,R,49,5,6,Bot,1,LAA,CLE,"Messick, Parker",800048,687093,R,L,1,2,1-2,True,True,False,3,FF,Four-Seam Fastball,4-Seam Fastball,ball,none,B,none,False,False,False,False,False,False,False,12,95.3,95.7,1990,6.3,1.02,54.2,5.45,0.47,1.05,1.257415647,3.90897843,3.301624016,1.666240158,38.8,,,,,,,0.053,,,False,1,4,1,4,True,https://www.mlb.com/video/parker-messick-ball-to-vaughn-grissom-oeoh1m?partnerId=web_multimedia-search_video-share,Pitch,
823992_49_4,2026-08-24,823992,R,49,4,6,Bot,1,LAA,CLE,"Messick, Parker",800048,687093,R,L,1,2,1-2,True,True,False,3,CH,Changeup,Changeup,foul,none,S,none,True,True,True,False,False,False,True,12,85.6,84.6,1767,6.0,1.38,54.46,5.55,1.13,0.14,1.511119066,2.685992739,3.301624016,1.666240158,36.7,71.8,25.0,82.0,,,,0.0,56.5,6.6,False,1,4,1,4,True,https://www.mlb.com/video/parker-messick-foul-to-vaughn-grissom-zzjpwx?partnerId=web_multimedia-search_video-share,Pitch,
823992_49_3,2026-08-24,823992,R,49,3,6,Bot,1,LAA,CLE,"Messick, Parker",800048,687093,R,L,1,1,1-1,False,False,False,3,CH,Changeup,Changeup,swinging_strike_blocked,none,S,none,True,True,False,True,True,False,True,13,86.2,85.7,1918,6.1,1.33,54.37,5.43,1.31,0.05,-0.387376708,0.702058826,3.301624016,1.666240158,34.2,,,,,,,-0.067,61.0,7.6,False,1,4,1,4,True,https://www.mlb.com/video/parker-messick-swinging-strike-blocked-to-vaughn-grissom?partnerId=web_multimedia-search_video-share,Pitch,
823992_49_2,2026-08-24,823992,R,49,2,6,Bot,1,LAA,CLE,"Messick, Parker",800048,687093,R,L,1,0,1-0,False,False,False,3,FF,Four-Seam Fastball,4-Seam Fastball,called_strike,none,S,none,True,False,False,False,True,True,False,1,93.4,93.5,2149,6.6,1.09,53.92,5.47,0.31,1.32,-0.411824506,3.40116435,3.301624016,1.666240158,39.5,,,,,,,-0.046,,,False,1,4,1,4,True,https://www.mlb.com/video/parker-messick-called-strike-to-vaughn-grissom-dur28c?partnerId=web_multimedia-search_video-share,Pitch,
823992_49_1,2026-08-24,823992,R,49,1,6,Bot,1,LAA,CLE,"Messick, Parker",800048,687093,R,L,0,0,0-0,False,False,True,3,CH,Changeup,Changeup,blocked_ball,none,B,none,False,False,False,False,False,False,False,14,84.6,83.7,1661,6.1,1.31,54.43,5.42,1.31,-0.04,0.614077208,0.660256358,3.301624016,1.666240158,36.8,,,,,,,0.035,,,False,1,4,1,4,True,https://www.mlb.com/video/parker-messick-ball-in-dirt-to-vaughn-grissom-sm7dmn?partnerId=web_multimedia-search_video-share,Pitch,
823992_48_6,2026-08-24,823992,R,48,6,6,Bot,1,LAA,CLE,"Messick, Parker",800048,545361,R,L,3,2,3-2,False,True,False,3,SL,Slider,Slider,ball,walk,B,none,False,False,False,False,False,False,False,13,86.3,87.0,2446,6.5,1.06,53.96,5.45,-0.5,0.12,-1.338162845,1.848438707,3.243700787,1.637007874,43.8,,,,,0.698089,0.7,0.337,,,False,1,4,1,4,True,https://www.mlb.com/video/mike-trout-walks-twukpj?partnerId=web_multimedia-search_video-share,Pitch,
823992_48_5,2026-08-24,823992,R,48,5,6,Bot,1,LAA,CLE,"Messick, Parker",800048,545361,R,L,2,2,2-2,False,True,False,3,SL,Slider,Slider,ball,none,B,none,False,False,False,False,False,False,False,12,85.1,85.5,2522,6.4,1.15,54.12,5.5,-0.47,-0.07,1.625881247,2.761270567,3.243700787,1.637007874,44.0,,,,,,,0.111,,,False,1,4,1,4,True,https://www.mlb.com/video/parker-messick-ball-to-mike-trout-efgh8w?partnerId=web_multimedia-search_video-share,Pitch,
823992_48_4,2026-08-24,823992,R,48,4,6,Bot,1,LAA,CLE,"Messick, Parker",800048,545361,R,L,1,2,1-2,True,True,False,3,FF,Four-Seam Fastball,4-Seam Fastball,ball,none,B,none,False,False,False,False,False,False,False,12,95.3,95.5,2189,6.4,1.05,54.05,5.45,0.57,1.32,0.73871652,4.034026332,3.243700787,1.637007874,39.6,,,,,,,0.052,,,False,1,4,1,4,True,https://www.mlb.com/video/parker-messick-ball-to-mike-trout-lpdu24?partnerId=web_multimedia-search_video-share,Pitch,
823992_48_3,2026-08-24,823992,R,48,3,6,Bot,1,LAA,CLE,"Messick, Parker",800048,545361,R,L,1,1,1-1,False,False,False,3,SL,Slider,Slider,swinging_strike,none,S,none,True,True,False,True,True,True,False,5,86.5,86.8,2317,6.4,1.15,54.1,5.47,-0.53,0.49,0.211570107,2.661128666,3.243700787,1.637007874,41.1,,,,,,,-0.071,68.5,6.3,False,1,4,1,4,True,https://www.mlb.com/video/parker-messick-swinging-strike-to-mike-trout?partnerId=web_multimedia-search_video-share,Pitch,
823992_48_2,2026-08-24,823992,R,48,2,6,Bot,1,LAA,CLE,"Messick, Parker",800048,545361,R,L,1,0,1-0,False,False,False,3,FF,Four-Seam Fastball,4-Seam Fastball,called_strike,none,S,none,True,False,False,False,True,True,False,1,93.6,93.6,2154,6.4,0.98,54.11,5.49,0.52,1.35,-0.408104628,3.149776695,3.243700787,1.637007874,44.4,,,,,,,-0.05,,,False,1,4,1,4,True,https://www.mlb.com/video/parker-messick-called-strike-to-mike-trout-9qm8s1?partnerId=web_multimedia-search_video-share,Pitch,
823992_48_1,2026-08-24,823992,R,48,1,6,Bot,1,LAA,CLE,"Messick, Parker",800048,545361,R,L,0,0,0-0,False,False,True,3,FF,Four-Seam Fastball,4-Seam Fastball,ball,none,B,none,False,False,False,False,False,False,False,12,93.3,93.1,2035,6.3,1.0,54.18,5.56,0.46,1.3,0.732061866,3.914134351,3.243700787,1.637007874,42.3,,,,,,,0.042,,,False,1,4,1,4,True,https://www.mlb.com/video/parker-messick-ball-to-mike-trout-hqfhti?partnerId=web_multimedia-search_video-share,Pitch,
823992_47_2,2026-08-24,823992,R,47,2,6,Bot,0,LAA,CLE,"Messick, Parker",800048,687263,R,L,1,0,1-0,False,False,False,3,FF,Four-Seam Fastball,4-Seam Fastball,hit_into_play,field_out,X,line_drive,False,True,True,False,False,True,False,2,93.8,93.3,2156,6.3,1.05,54.19,5.53,0.44,1.34,0.029696811,2.694539492,3.169980315,1.59980315,42.0,88.6,25.0,293.0,0.086,0.087,0.0,-0.303,70.4,6.0,False,1,4,1,4,True,https://www.mlb.com/video/zach-neto-lines-out-to-right-fielder-angel-martinez?partnerId=web_multimedia-search_video-share,Pitch,
823992_47_1,2026-08-24,823992,R,47,1,6,Bot,0,LAA,CLE,"Messick, Parker",800048,687263,R,L,0,0,0-0,False,False,True,3,FF,Four-Seam Fastball,4-Seam Fastball,ball,none,B,none,False,False,False,False,False,False,False,12,93.2,92.7,2066,6.3,1.11,54.19,5.59,0.63,1.33,1.020169211,2.994375248,3.169980315,1.59980315,42.0,,,,,,,0.044,,,False,1,4,1,4,True,https://www.mlb.com/video/parker-messick-ball-to-zach-neto-euypxv?partnerId=web_multimedia-search_video-share,Pitch,
823992_41_2,2026-08-24,823992,R,41,2,5,Bot,2,LAA,CLE,"Messick, Parker",800048,518595,R,L,0,1,0-1,True,False,False,2,CH,Changeup,Changeup,hit_into_play,field_out,X,ground_ball,False,True,True,False,False,False,True,14,86.9,86.4,1796,6.2,1.17,54.31,5.56,1.44,0.01,1.102167162,2.046346108,3.194553806,1.612204724,41.8,71.0,-21.0,5.0,0.043,0.039,0.0,-0.215,73.6,7.9,False,1,2,1,2,True,https://www.mlb.com/video/travis-d-arnaud-grounds-out-pitcher-parker-messick-to-shortstop-brayan-ro?partnerId=web_multimedia-search_video-share,Pitch,
823992_41_1,2026-08-24,823992,R,41,1,5,Bot,2,LAA,CLE,"Messick, Parker",800048,518595,R,L,0,0,0-0,False,False,True,2,FF,Four-Seam Fastball,4-Seam Fastball,called_strike,none,S,none,True,False,False,False,True,True,False,3,93.8,94.1,2185,6.5,1.06,54.04,5.53,0.42,1.39,0.545691924,2.936512898,3.194553806,1.612204724,42.1,,,,,,,-0.043,,,False,1,2,1,2,True,https://www.mlb.com/video/parker-messick-called-strike-to-travis-d-arnaud?partnerId=web_multimedia-search_video-share,Pitch,
823992_40_4,2026-08-24,823992,R,40,4,5,Bot,1,LAA,CLE,"Messick, Parker",800048,694203,R,L,0,2,0-2,True,True,False,2,CH,Changeup,Changeup,swinging_strike,strikeout,S,none,True,True,False,True,True,False,True,14,87.0,86.9,1771,6.3,1.17,54.18,5.54,1.13,0.16,0.96001463,1.552707803,3.250721785,1.640551181,39.8,,,,,0.0,0.0,-0.163,70.3,9.2,False,1,2,1,2,True,https://www.mlb.com/video/denzer-guzman-strikes-out-swinging-bdfaob?partnerId=web_multimedia-search_video-share,Pitch,
823992_40_3,2026-08-24,823992,R,40,3,5,Bot,1,LAA,CLE,"Messick, Parker",800048,694203,R,L,0,2,0-2,True,True,False,2,FF,Four-Seam Fastball,4-Seam Fastball,foul,none,S,none,True,True,True,False,False,True,False,6,95.1,95.3,2219,6.5,0.91,53.98,5.5,0.28,1.47,0.610606576,2.339777943,3.250721785,1.640551181,41.1,64.8,58.0,164.0,,,,0.0,69.7,8.3,False,1,2,1,2,True,https://www.mlb.com/video/parker-messick-foul-to-denzer-guzman-lx6l2s?partnerId=web_multimedia-search_video-share,Pitch,
823992_40_2,2026-08-24,823992,R,40,2,5,Bot,1,LAA,CLE,"Messick, Parker",800048,694203,R,L,0,1,0-1,True,False,False,2,FF,Four-Seam Fastball,4-Seam Fastball,foul,none,S,none,True,True,True,False,False,False,True,11,94.2,94.7,2210,6.4,0.97,54.07,5.56,0.44,1.32,-0.017572646,3.865726613,3.250721785,1.640551181,40.7,73.1,31.0,229.0,,,,-0.057,72.7,6.9,False,1,2,1,2,True,https://www.mlb.com/video/parker-messick-foul-to-denzer-guzman-zwdaik?partnerId=web_multimedia-search_video-share,Pitch,
823992_40_1,2026-08-24,823992,R,40,1,5,Bot,1,LAA,CLE,"Messick, Parker",800048,694203,R,L,0,0,0-0,False,False,True,2,CH,Changeup,Changeup,called_strike,none,S,none,True,False,False,False,True,True,False,3,84.7,84.7,1711,6.2,1.2,54.34,5.58,1.22,0.24,0.643716999,3.177769432,3.250721785,1.640551181,37.8,,,,,,,-0.041,,,False,1,2,1,2,True,https://www.mlb.com/video/parker-messick-called-strike-to-denzer-guzman?partnerId=web_multimedia-search_video-share,Pitch,
823992_39_3,2026-08-24,823992,R,39,3,5,Bot,0,LAA,CLE,"Messick, Parker",800048,695681,R,L,2,0,2-0,False,False,False,2,FF,Four-Seam Fastball,4-Seam Fastball,hit_into_play,field_out,X,popup,False,True,True,False,False,True,False,5,93.3,93.4,2224,6.4,0.88,54.05,5.55,0.51,1.36,-0.26995748,2.4211782,3.219127297,1.624606299,43.1,74.1,59.0,169.0,0.034,0.034,0.0,-0.386,70.4,7.6,False,1,2,1,2,True,https://www.mlb.com/video/christian-moore-pops-out-to-second-baseman-angel-genao?partnerId=web_multimedia-search_video-share,Pitch,
823992_39_2,2026-08-24,823992,R,39,2,5,Bot,0,LAA,CLE,"Messick, Parker",800048,695681,R,L,1,0,1-0,False,False,False,2,CH,Changeup,Changeup,ball,none,B,none,False,False,False,False,False,False,False,13,85.3,84.9,1767,6.3,1.09,54.19,5.51,1.29,0.12,-0.511812247,1.253157649,3.219127297,1.624606299,37.8,,,,,,,0.083,,,False,1,2,1,2,True,https://www.mlb.com/video/parker-messick-ball-to-christian-moore-fc6evl?partnerId=web_multimedia-search_video-share,Pitch,
823992_39_1,2026-08-24,823992,R,39,1,5,Bot,0,LAA,CLE,"Messick, Parker",800048,695681,R,L,0,0,0-0,False,False,True,2,FF,Four-Seam Fastball,4-Seam Fastball,ball,none,B,none,False,False,False,False,False,False,False,12,93.0,92.9,2175,6.3,0.84,54.18,5.6,0.53,1.29,0.673498227,3.875942324,3.219127297,1.624606299,42.5,,,,,,,0.044,,,False,1,2,1,2,True,https://www.mlb.com/video/parker-messick-ball-to-christian-moore-elcihg?partnerId=web_multimedia-search_video-share,Pitch,
823992_33_7,2026-08-24,823992,R,33,7,4,Bot,2,LAA,CLE,"Messick, Parker",800048,672569,R,L,3,2,3-2,False,True,False,2,CH,Changeup,Changeup,hit_into_play,field_out,X,popup,False,True,True,False,False,False,True,13,86.8,86.4,1953,6.3,1.14,54.15,5.41,1.04,0.3,-0.386002545,0.822808951,2.955839895,1.491732283,38.5,77.9,72.0,121.0,0.006,0.008,0.0,-0.288,66.3,7.7,False,1,1,1,1,True,https://www.mlb.com/video/gustavo-campero-pops-out-to-first-baseman-nathaniel-lowe-in-foul-territor?partnerId=web_multimedia-search_video-share,Pitch,
823992_33_6,2026-08-24,823992,R,33,6,4,Bot,2,LAA,CLE,"Messick, Parker",800048,672569,R,L,2,2,2-2,False,True,False,2,CH,Changeup,Changeup,ball,none,B,none,False,False,False,False,False,False,False,14,85.6,84.9,1881,6.2,1.12,54.32,5.55,1.26,0.15,1.714173492,1.363564336,2.955839895,1.491732283,39.5,,,,,,,0.037,,,False,1,1,1,1,True,https://www.mlb.com/video/parker-messick-ball-to-gustavo-campero-cillqc?partnerId=web_multimedia-search_video-share,Pitch,
823992_33_5,2026-08-24,823992,R,33,5,4,Bot,2,LAA,CLE,"Messick, Parker",800048,672569,R,L,1,2,1-2,True,True,False,2,FF,Four-Seam Fastball,4-Seam Fastball,ball,none,B,none,False,False,False,False,False,False,False,11,95.9,95.9,2119,6.5,0.89,54.04,5.44,0.07,1.29,-1.531673128,2.776826298,2.955839895,1.491732283,41.8,,,,,,,0.042,,,False,1,1,1,1,True,https://www.mlb.com/video/parker-messick-ball-to-gustavo-campero-zkmdcd?partnerId=web_multimedia-search_video-share,Pitch,
823992_33_4,2026-08-24,823992,R,33,4,4,Bot,2,LAA,CLE,"Messick, Parker",800048,672569,R,L,1,2,1-2,True,True,False,2,FF,Four-Seam Fastball,4-Seam Fastball,foul,none,S,none,True,True,True,False,False,True,False,3,96.2,96.2,2165,6.5,0.87,54.03,5.48,0.15,1.28,0.497543503,2.948190737,2.955839895,1.491732283,40.9,87.1,12.0,199.0,,,,0.0,60.1,5.4,False,1,1,1,1,True,https://www.mlb.com/video/parker-messick-foul-to-gustavo-campero-tsnh0e?partnerId=web_multimedia-search_video-share,Pitch,
823992_33_3,2026-08-24,823992,R,33,3,4,Bot,2,LAA,CLE,"Messick, Parker",800048,672569,R,L,0,2,0-2,True,True,False,2,FF,Four-Seam Fastball,4-Seam Fastball,ball,none,B,none,False,False,False,False,False,False,False,11,96.5,96.2,2168,6.4,0.85,54.12,5.5,0.25,1.47,-0.337858611,4.097733444,2.955839895,1.491732283,39.5,,,,,,,-0.014,,,False,1,1,1,1,True,https://www.mlb.com/video/parker-messick-ball-to-gustavo-campero-icdewe?partnerId=web_multimedia-search_video-share,Pitch,
823992_33_2,2026-08-24,823992,R,33,2,4,Bot,2,LAA,CLE,"Messick, Parker",800048,672569,R,L,0,1,0-1,True,False,False,2,FF,Four-Seam Fastball,4-Seam Fastball,swinging_strike,none,S,none,True,True,False,True,True,False,True,12,95.4,95.4,2130,6.4,0.99,54.05,5.53,0.24,1.49,0.340319473,3.353411111,2.955839895,1.491732283,41.2,,,,,,,-0.047,60.7,5.7,False,1,1,1,1,True,https://www.mlb.com/video/parker-messick-swinging-strike-to-gustavo-campero?partnerId=web_multimedia-search_video-share,Pitch,
823992_33_1,2026-08-24,823992,R,33,1,4,Bot,2,LAA,CLE,"Messick, Parker",800048,672569,R,L,0,0,0-0,False,False,True,2,CH,Changeup,Changeup,foul,none,S,none,True,True,True,False,False,False,True,14,85.8,84.8,1714,6.3,1.22,54.22,5.52,1.49,-0.1,0.621683111,0.974625904,2.955839895,1.491732283,37.6,,,,,,,-0.028,70.9,7.5,False,1,1,1,1,True,https://www.mlb.com/video/parker-messick-foul-to-gustavo-campero-gvkjnf?partnerId=web_multimedia-search_video-share,Pitch,
823992_32_5,2026-08-24,823992,R,32,5,4,Bot,1,LAA,CLE,"Messick, Parker",800048,642350,R,L,2,2,2-2,False,True,False,2,CH,Changeup,Changeup,swinging_strike,strikeout,S,none,True,True,False,True,True,False,True,14,86.5,85.6,1914,6.1,1.27,54.36,5.54,1.33,0.09,1.3353002,2.408284981,3.305134514,1.668011811,37.8,,,,,0.0,0.0,-0.287,73.2,7.9,False,1,1,1,1,True,https://www.mlb.com/video/jose-siri-strikes-out-swinging-t0dis7?partnerId=web_multimedia-search_video-share,Pitch,
823992_32_4,2026-08-24,823992,R,32,4,4,Bot,1,LAA,CLE,"Messick, Parker",800048,642350,R,L,1,2,1-2,True,True,False,2,CH,Changeup,Changeup,blocked_ball,none,B,none,False,False,False,False,False,False,False,14,87.5,87.1,1922,6.3,1.18,54.23,5.47,1.44,0.23,0.58062127,0.04537706,3.305134514,1.668011811,39.2,,,,,,,0.032,,,False,1,1,1,1,True,https://www.mlb.com/video/parker-messick-ball-in-dirt-to-jose-siri-5jwpxv?partnerId=web_multimedia-search_video-share,Pitch,
823992_32_3,2026-08-24,823992,R,32,3,4,Bot,1,LAA,CLE,"Messick, Parker",800048,642350,R,L,1,1,1-1,False,False,False,2,FF,Four-Seam Fastball,4-Seam Fastball,foul,none,S,none,True,True,True,False,False,True,False,1,95.4,95.3,2252,6.3,0.91,54.16,5.54,0.43,1.34,-0.297211609,2.974066836,3.305134514,1.668011811,40.6,83.2,19.0,240.0,,,,-0.079,62.4,5.4,False,1,1,1,1,True,https://www.mlb.com/video/parker-messick-foul-to-jose-siri?partnerId=web_multimedia-search_video-share,Pitch,
823992_32_2,2026-08-24,823992,R,32,2,4,Bot,1,LAA,CLE,"Messick, Parker",800048,642350,R,L,1,0,1-0,False,False,False,2,CH,Changeup,Changeup,missed_bunt,none,S,none,True,True,False,True,True,False,True,14,87.1,86.3,1879,6.2,1.24,54.34,5.51,1.51,-0.05,1.12544543,1.767914713,3.305134514,1.668011811,36.4,,,,,,,-0.058,12.3,2.0,False,1,1,1,1,True,https://www.mlb.com/video/parker-messick-missed-bunt-to-jose-siri?partnerId=web_multimedia-search_video-share,Pitch,
823992_32_1,2026-08-24,823992,R,32,1,4,Bot,1,LAA,CLE,"Messick, Parker",800048,642350,R,L,0,0,0-0,False,False,True,2,CH,Changeup,Changeup,blocked_ball,none,B,none,False,False,False,False,False,False,False,14,87.1,86.5,1790,6.3,1.11,54.19,5.48,1.17,-0.16,0.246321954,0.573248668,3.305134514,1.668011811,36.3,,,,,,,0.018,,,False,1,1,1,1,True,https://www.mlb.com/video/parker-messick-ball-in-dirt-to-jose-siri?partnerId=web_multimedia-search_video-share,Pitch,
823992_31_5,2026-08-24,823992,R,31,5,4,Bot,1,LAA,CLE,"Messick, Parker",800048,694208,L,L,2,2,2-2,False,True,False,2,FF,Four-Seam Fastball,4-Seam Fastball,hit_into_play,single,X,line_drive,False,True,True,False,False,False,True,12,96.1,96.0,2282,6.4,0.79,54.12,5.55,0.47,1.33,0.276900729,3.424153476,3.040091864,1.534251969,44.2,80.9,19.0,246.0,0.98,0.91,0.9,0.596,,,False,0,1,0,1,True,https://www.mlb.com/video/parker-messick-in-play-run-s-to-moises-ballesteros?partnerId=web_multimedia-search_video-share,Pitch,
823992_31_4,2026-08-24,823992,R,31,4,4,Bot,1,LAA,CLE,"Messick, Parker",800048,694208,L,L,2,1,2-1,False,False,False,2,SL,Slider,Slider,swinging_strike,none,S,none,True,True,False,True,True,True,False,7,87.3,87.3,2468,6.4,0.98,54.07,5.59,-0.87,0.01,-0.34015003,1.614382293,3.040091864,1.534251969,44.3,,,,,,,-0.111,70.0,8.4,False,0,1,0,1,True,https://www.mlb.com/video/parker-messick-swinging-strike-to-moises-ballesteros-mzt0u0?partnerId=web_multimedia-search_video-share,Pitch,
823992_31_3,2026-08-24,823992,R,31,3,4,Bot,1,LAA,CLE,"Messick, Parker",800048,694208,L,L,1,1,1-1,False,False,False,2,SL,Slider,Slider,ball,none,B,none,False,False,False,False,False,False,False,13,87.3,87.6,2510,6.4,0.8,54.06,5.57,-0.34,0.4,-1.184045936,1.672169263,3.040091864,1.534251969,44.8,,,,,,,0.052,,,False,0,1,0,1,True,https://www.mlb.com/video/parker-messick-ball-to-moises-ballesteros-ajtcng?partnerId=web_multimedia-search_video-share,Pitch,
823992_31_2,2026-08-24,823992,R,31,2,4,Bot,1,LAA,CLE,"Messick, Parker",800048,694208,L,L,0,1,0-1,True,False,False,2,FF,Four-Seam Fastball,4-Seam Fastball,ball,none,B,none,False,False,False,False,False,False,False,11,94.9,95.0,2281,6.4,0.8,54.13,5.52,0.52,1.35,-0.545280425,4.015208563,3.040091864,1.534251969,42.0,,,,,,,0.027,,,False,0,1,0,1,True,https://www.mlb.com/video/parker-messick-ball-to-moises-ballesteros-v4sdlp?partnerId=web_multimedia-search_video-share,Pitch,
823992_31_1,2026-08-24,823992,R,31,1,4,Bot,1,LAA,CLE,"Messick, Parker",800048,694208,L,L,0,0,0-0,False,False,True,2,FF,Four-Seam Fastball,4-Seam Fastball,foul,none,S,none,True,True,True,False,False,True,False,2,95.7,95.4,2332,6.4,0.78,54.08,5.56,0.65,1.39,0.203367547,2.784989678,3.040091864,1.534251969,43.5,69.0,48.0,200.0,,,,-0.06,63.3,6.1,False,0,1,0,1,True,https://www.mlb.com/video/parker-messick-foul-to-moises-ballesteros-vumydb?partnerId=web_multimedia-search_video-share,Pitch,
823992_30_3,2026-08-24,823992,R,30,3,4,Bot,0,LAA,CLE,"Messick, Parker",800048,687093,R,L,0,2,0-2,True,True,False,2,FF,Four-Seam Fastball,4-Seam Fastball,hit_into_play,fielders_choice_out,X,ground_ball,False,True,True,False,False,False,True,11,96.2,95.8,2216,6.3,0.98,54.24,5.51,0.18,1.41,-0.005962261,3.589582126,3.301624016,1.666240158,40.0,91.0,-1.0,47.0,0.274,0.251,0.0,-0.14,61.1,5.6,False,0,1,0,1,True,https://www.mlb.com/video/parker-messick-in-play-out-s-to-vaughn-grissom?partnerId=web_multimedia-search_video-share,Pitch,
823992_30_2,2026-08-24,823992,R,30,2,4,Bot,0,LAA,CLE,"Messick, Parker",800048,687093,R,L,0,1,0-1,True,False,False,2,CH,Changeup,Changeup,foul,none,S,none,True,True,True,False,False,False,True,14,87.2,86.4,1877,6.2,1.08,54.33,5.57,1.24,0.14,1.112853662,1.722174154,3.301624016,1.666240158,41.0,64.8,51.0,167.0,,,,-0.074,60.2,7.6,False,0,1,0,1,True,https://www.mlb.com/video/parker-messick-foul-to-vaughn-grissom-m0taia?partnerId=web_multimedia-search_video-share,Pitch,
823992_30_1,2026-08-24,823992,R,30,1,4,Bot,0,LAA,CLE,"Messick, Parker",800048,687093,R,L,0,0,0-0,False,False,True,2,CH,Changeup,Changeup,foul_tip,none,S,none,True,True,True,False,False,False,True,14,87.0,86.2,1901,6.1,1.15,54.36,5.57,1.1,-0.17,0.978748184,1.862153503,3.301624016,1.666240158,38.7,,,,,,,-0.062,71.0,7.4,False,0,1,0,1,True,https://www.mlb.com/video/parker-messick-foul-tip-to-vaughn-grissom?partnerId=web_multimedia-search_video-share,Pitch,
823992_29_3,2026-08-24,823992,R,29,3,4,Bot,0,LAA,CLE,"Messick, Parker",800048,545361,R,L,0,2,0-2,True,True,False,2,CH,Changeup,Changeup,hit_into_play,single,X,ground_ball,False,True,True,False,False,False,True,14,86.3,86.2,1993,6.4,1.15,54.13,5.6,1.16,0.24,1.221313246,1.521330877,3.243700787,1.637007874,37.8,83.1,9.0,144.0,0.426,0.387,0.9,0.557,68.4,8.0,False,0,1,0,1,True,https://www.mlb.com/video/parker-messick-in-play-no-out-to-mike-trout?partnerId=web_multimedia-search_video-share,Pitch,
823992_29_2,2026-08-24,823992,R,29,2,4,Bot,0,LAA,CLE,"Messick, Parker",800048,545361,R,L,0,1,0-1,True,False,False,2,FF,Four-Seam Fastball,4-Seam Fastball,foul,none,S,none,True,True,True,False,False,True,False,2,93.8,94.1,2208,6.4,0.87,54.09,5.56,0.5,1.36,0.065235729,3.012589012,3.243700787,1.637007874,42.0,83.4,30.0,282.0,,,,-0.05,74.5,6.4,False,0,1,0,1,True,https://www.mlb.com/video/parker-messick-foul-to-mike-trout-wpdmua?partnerId=web_multimedia-search_video-share,Pitch,
823992_29_1,2026-08-24,823992,R,29,1,4,Bot,0,LAA,CLE,"Messick, Parker",800048,545361,R,L,0,0,0-0,False,False,True,2,CU,Curveball,Curveball,called_strike,none,S,none,True,False,False,False,True,True,False,3,78.8,78.8,2257,6.3,0.95,54.18,5.62,-1.23,-0.55,0.736862041,2.946839535,3.243700787,1.637007874,43.9,,,,,,,-0.04,,,False,0,1,0,1,True,https://www.mlb.com/video/parker-messick-called-strike-to-mike-trout-1ksrld?partnerId=web_multimedia-search_video-share,Pitch,
823992_28_2,2026-08-24,823992,R,28,2,4,Bot,0,LAA,CLE,"Messick, Parker",800048,687263,R,L,0,1,0-1,True,False,False,2,SI,Sinker,Sinker,hit_into_play,single,X,line_drive,False,True,True,False,False,True,False,6,93.5,93.9,2164,6.5,1.07,53.95,5.6,0.87,0.92,0.475869938,2.170257799,3.169980315,1.59980315,40.8,108.3,10.0,216.0,0.886,0.876,0.9,0.487,79.4,6.3,True,0,1,0,1,True,https://www.mlb.com/video/zach-neto-singles-on-a-sharp-line-drive-to-center-fielder-petey-halpin?partnerId=web_multimedia-search_video-share,Pitch,
823992_28_1,2026-08-24,823992,R,28,1,4,Bot,0,LAA,CLE,"Messick, Parker",800048,687263,R,L,0,0,0-0,False,False,True,2,FF,Four-Seam Fastball,4-Seam Fastball,called_strike,none,S,none,True,False,False,False,True,True,False,2,93.6,93.6,2233,6.5,0.94,54.0,5.59,0.34,1.44,-0.084349967,3.005646663,3.169980315,1.59980315,43.3,,,,,,,-0.042,,,False,0,1,0,1,True,https://www.mlb.com/video/parker-messick-called-strike-to-zach-neto?partnerId=web_multimedia-search_video-share,Pitch,
823992_23_5,2026-08-24,823992,R,23,5,3,Bot,2,LAA,CLE,"Messick, Parker",800048,518595,R,L,2,2,2-2,False,True,False,1,CH,Changeup,Changeup,swinging_strike,strikeout,S,none,True,True,False,True,True,False,True,14,87.4,87.0,1851,6.2,1.16,54.26,5.53,1.42,0.0,0.591737892,1.001534047,3.194553806,1.612204724,42.2,,,,,0.0,0.0,-0.22,70.7,8.5,False,0,1,0,1,True,https://www.mlb.com/video/travis-d-arnaud-strikes-out-swinging-h1rbwj?partnerId=web_multimedia-search_video-share,Pitch,
823992_23_4,2026-08-24,823992,R,23,4,3,Bot,2,LAA,CLE,"Messick, Parker",800048,518595,R,L,2,1,2-1,False,False,False,1,FF,Four-Seam Fastball,4-Seam Fastball,foul,none,S,none,True,True,True,False,False,True,False,5,93.7,94.1,2099,6.5,0.88,54.03,5.58,0.15,1.31,0.258581757,2.524530125,3.194553806,1.612204724,45.3,77.3,58.0,204.0,,,,-0.079,75.1,7.7,False,0,1,0,1,True,https://www.mlb.com/video/parker-messick-foul-to-travis-d-arnaud?partnerId=web_multimedia-search_video-share,Pitch,
823992_23_3,2026-08-24,823992,R,23,3,3,Bot,2,LAA,CLE,"Messick, Parker",800048,518595,R,L,1,1,1-1,False,False,False,1,FF,Four-Seam Fastball,4-Seam Fastball,ball,none,B,none,False,False,False,False,False,False,False,12,94.9,94.9,2100,6.4,1.0,54.07,5.65,0.17,1.3,0.910908183,3.141851792,3.194553806,1.612204724,41.9,,,,,,,0.055,,,False,0,1,0,1,True,https://www.mlb.com/video/parker-messick-ball-to-travis-d-arnaud-gpfyqs?partnerId=web_multimedia-search_video-share,Pitch,
823992_23_2,2026-08-24,823992,R,23,2,3,Bot,2,LAA,CLE,"Messick, Parker",800048,518595,R,L,1,0,1-0,False,False,False,1,FF,Four-Seam Fastball,4-Seam Fastball,swinging_strike,none,S,none,True,True,False,True,True,True,False,2,93.9,94.1,2171,6.5,0.95,53.99,5.62,0.19,1.03,-9.14899e-05,2.781919874,3.194553806,1.612204724,45.0,,,,,,,-0.054,73.2,7.1,False,0,1,0,1,True,https://www.mlb.com/video/parker-messick-swinging-strike-to-travis-d-arnaud?partnerId=web_multimedia-search_video-share,Pitch,
823992_23_1,2026-08-24,823992,R,23,1,3,Bot,2,LAA,CLE,"Messick, Parker",800048,518595,R,L,0,0,0-0,False,False,True,1,FF,Four-Seam Fastball,4-Seam Fastball,ball,none,B,none,False,False,False,False,False,False,False,12,93.5,93.8,2116,6.6,0.96,53.87,5.55,0.24,1.36,0.971563024,2.463252335,3.194553806,1.612204724,47.5,,,,,,,0.04,,,False,0,1,0,1,True,https://www.mlb.com/video/parker-messick-ball-to-travis-d-arnaud?partnerId=web_multimedia-search_video-share,Pitch,
823992_22_5,2026-08-24,823992,R,22,5,3,Bot,1,LAA,CLE,"Messick, Parker",800048,694203,R,L,2,2,2-2,False,True,False,1,FF,Four-Seam Fastball,4-Seam Fastball,hit_into_play,field_out,X,ground_ball,False,True,True,False,False,True,False,6,94.4,94.5,2236,6.6,0.98,53.91,5.51,0.25,1.32,0.42610757,2.3376274,3.250721785,1.640551181,40.9,84.8,-69.0,1.0,0.378,0.346,0.0,-0.234,67.5,7.1,False,0,1,0,1,True,https://www.mlb.com/video/denzer-guzman-grounds-out-pitcher-parker-messick-to-first-baseman-nathani?partnerId=web_multimedia-search_video-share,Pitch,
823992_22_4,2026-08-24,823992,R,22,4,3,Bot,1,LAA,CLE,"Messick, Parker",800048,694203,R,L,1,2,1-2,True,True,False,1,FF,Four-Seam Fastball,4-Seam Fastball,ball,none,B,none,False,False,False,False,False,False,False,13,94.9,94.8,2165,6.6,0.91,53.91,5.53,0.3,1.39,-0.245192522,1.227588763,3.250721785,1.640551181,42.7,,,,,,,0.052,,,False,0,1,0,1,True,https://www.mlb.com/video/parker-messick-ball-to-denzer-guzman-uckd5r?partnerId=web_multimedia-search_video-share,Pitch,
823992_22_3,2026-08-24,823992,R,22,3,3,Bot,1,LAA,CLE,"Messick, Parker",800048,694203,R,L,1,1,1-1,False,False,False,1,FF,Four-Seam Fastball,4-Seam Fastball,foul,none,S,none,True,True,True,False,False,False,True,11,94.1,93.8,2161,6.4,1.17,54.09,5.55,0.31,1.3,-0.042724268,3.596105613,3.250721785,1.640551181,45.1,67.2,68.0,150.0,,,,-0.071,76.0,7.1,False,0,1,0,1,True,https://www.mlb.com/video/parker-messick-foul-to-denzer-guzman-h1jbbc?partnerId=web_multimedia-search_video-share,Pitch,
823992_22_2,2026-08-24,823992,R,22,2,3,Bot,1,LAA,CLE,"Messick, Parker",800048,694203,R,L,0,1,0-1,True,False,False,1,CH,Changeup,Changeup,ball,none,B,none,False,False,False,False,False,False,False,14,86.5,85.6,1894,6.3,1.14,54.25,5.53,1.3,0.22,0.257512922,0.45590267,3.250721785,1.640551181,36.8,,,,,,,0.033,,,False,0,1,0,1,True,https://www.mlb.com/video/parker-messick-ball-to-denzer-guzman?partnerId=web_multimedia-search_video-share,Pitch,
823992_22_1,2026-08-24,823992,R,22,1,3,Bot,1,LAA,CLE,"Messick, Parker",800048,694203,R,L,0,0,0-0,False,False,True,1,FF,Four-Seam Fastball,4-Seam Fastball,foul,none,S,none,True,True,True,False,False,False,True,12,93.7,93.9,2131,6.5,1.03,53.98,5.54,0.56,1.31,0.395198996,3.57494236,3.250721785,1.640551181,42.6,77.0,53.0,206.0,,,,-0.041,72.8,7.1,False,0,1,0,1,True,https://www.mlb.com/video/parker-messick-foul-to-denzer-guzman?partnerId=web_multimedia-search_video-share,Pitch,
823992_21_8,2026-08-24,823992,R,21,8,3,Bot,0,LAA,CLE,"Messick, Parker",800048,695681,R,L,3,2,3-2,False,True,False,1,CH,Changeup,Changeup,hit_into_play,field_out,X,ground_ball,False,True,True,False,False,False,True,12,85.5,84.9,1806,6.2,1.11,54.25,5.53,1.12,0.55,0.770797565,3.444776265,3.219127297,1.624606299,38.1,89.1,2.0,75.0,0.338,0.304,0.0,-0.344,68.4,6.4,False,0,1,0,1,True,https://www.mlb.com/video/parker-messick-in-play-out-s-to-christian-moore?partnerId=web_multimedia-search_video-share,Pitch,
823992_21_7,2026-08-24,823992,R,21,7,3,Bot,0,LAA,CLE,"Messick, Parker",800048,695681,R,L,2,2,2-2,False,True,False,1,FF,Four-Seam Fastball,4-Seam Fastball,ball,none,B,none,False,False,False,False,False,False,False,12,94.8,94.7,1933,6.6,0.91,53.92,5.51,0.34,1.23,1.01140683,2.774231968,3.219127297,1.624606299,40.9,,,,,,,0.112,,,False,0,1,0,1,True,https://www.mlb.com/video/parker-messick-ball-to-christian-moore-vhw7if?partnerId=web_multimedia-search_video-share,Pitch,
823992_21_6,2026-08-24,823992,R,21,6,3,Bot,0,LAA,CLE,"Messick, Parker",800048,695681,R,L,2,2,2-2,False,True,False,1,FF,Four-Seam Fastball,4-Seam Fastball,foul,none,S,none,True,True,True,False,False,True,False,2,95.1,95.2,2148,6.5,0.97,54.02,5.55,0.14,1.41,0.034078036,2.892677308,3.219127297,1.624606299,39.8,78.5,39.0,257.0,,,,0.0,76.7,6.3,False,0,1,0,1,True,https://www.mlb.com/video/parker-messick-foul-to-christian-moore?partnerId=web_multimedia-search_video-share,Pitch,
823992_21_5,2026-08-24,823992,R,21,5,3,Bot,0,LAA,CLE,"Messick, Parker",800048,695681,R,L,2,2,2-2,False,True,False,1,FF,Four-Seam Fastball,4-Seam Fastball,foul,none,S,none,True,True,True,False,False,True,False,1,94.0,94.0,2190,6.5,1.01,53.96,5.49,0.23,1.47,-0.706083827,2.860445603,3.219127297,1.624606299,43.8,62.7,49.0,173.0,,,,0.0,72.0,6.8,False,0,1,0,1,True,https://www.mlb.com/video/parker-messick-foul-to-christian-moore-8mvich?partnerId=web_multimedia-search_video-share,Pitch,
823992_21_4,2026-08-24,823992,R,21,4,3,Bot,0,LAA,CLE,"Messick, Parker",800048,695681,R,L,2,1,2-1,False,False,False,1,CH,Changeup,Changeup,called_strike,none,S,none,True,False,False,False,True,True,False,6,85.1,84.2,1901,6.1,1.13,54.39,5.61,1.27,-0.14,0.717321158,2.63206532,3.219127297,1.624606299,38.4,,,,,,,-0.078,,,False,0,1,0,1,True,https://www.mlb.com/video/parker-messick-called-strike-to-christian-moore-qzxiwz?partnerId=web_multimedia-search_video-share,Pitch,
823992_21_3,2026-08-24,823992,R,21,3,3,Bot,0,LAA,CLE,"Messick, Parker",800048,695681,R,L,1,1,1-1,False,False,False,1,CH,Changeup,Changeup,ball,none,B,none,False,False,False,False,False,False,False,14,85.5,84.6,1869,6.4,1.17,54.14,5.56,1.42,-0.16,0.997113301,0.562176349,3.219127297,1.624606299,40.7,,,,,,,0.064,,,False,0,1,0,1,True,https://www.mlb.com/video/parker-messick-ball-to-christian-moore-oi7o7m?partnerId=web_multimedia-search_video-share,Pitch,
823992_21_2,2026-08-24,823992,R,21,2,3,Bot,0,LAA,CLE,"Messick, Parker",800048,695681,R,L,1,0,1-0,False,False,False,1,FF,Four-Seam Fastball,4-Seam Fastball,called_strike,none,S,none,True,False,False,False,True,True,False,8,94.1,93.9,2151,6.4,0.97,54.05,5.59,0.44,1.46,0.188351771,1.860601402,3.219127297,1.624606299,42.2,,,,,,,-0.056,,,False,0,1,0,1,True,https://www.mlb.com/video/parker-messick-called-strike-to-christian-moore?partnerId=web_multimedia-search_video-share,Pitch,
823992_21_1,2026-08-24,823992,R,21,1,3,Bot,0,LAA,CLE,"Messick, Parker",800048,695681,R,L,0,0,0-0,False,False,True,1,FF,Four-Seam Fastball,4-Seam Fastball,ball,none,B,none,False,False,False,False,False,False,False,12,93.8,93.4,2164,6.3,1.0,54.17,5.65,0.25,1.38,0.587041194,3.603397301,3.219127297,1.624606299,42.7,,,,,,,0.044,,,False,0,1,0,1,True,https://www.mlb.com/video/parker-messick-ball-to-christian-moore?partnerId=web_multimedia-search_video-share,Pitch,
823992_14_4,2026-08-24,823992,R,14,4,2,Bot,2,LAA,CLE,"Messick, Parker",800048,672569,R,L,1,2,1-2,True,True,False,1,CH,Changeup,Changeup,swinging_strike_blocked,strikeout,S,none,True,True,False,True,True,False,True,14,87.6,87.0,1749,6.3,1.26,54.16,5.57,0.89,0.16,0.065819455,0.518370171,2.955839895,1.491732283,38.0,,,,,0.0,0.0,-0.18,68.2,8.0,False,0,0,0,0,True,https://www.mlb.com/video/gustavo-campero-strikes-out-swinging-catcher-austin-hedges-to-first-basem?partnerId=web_multimedia-search_video-share,Pitch,
823992_14_3,2026-08-24,823992,R,14,3,2,Bot,2,LAA,CLE,"Messick, Parker",800048,672569,R,L,0,2,0-2,True,True,False,1,CH,Changeup,Changeup,ball,none,B,none,False,False,False,False,False,False,False,14,87.1,86.6,1975,6.2,1.27,54.29,5.53,1.14,0.09,2.334704732,0.427931399,2.955839895,1.491732283,35.9,,,,,,,0.026,,,False,0,0,0,0,True,https://www.mlb.com/video/parker-messick-ball-to-gustavo-campero?partnerId=web_multimedia-search_video-share,Pitch,
823992_14_2,2026-08-24,823992,R,14,2,2,Bot,2,LAA,CLE,"Messick, Parker",800048,672569,R,L,0,1,0-1,True,False,False,1,CH,Changeup,Changeup,foul,none,S,none,True,True,True,False,False,False,True,14,86.4,86.0,1778,6.3,1.09,54.23,5.56,1.18,-0.07,0.87535952,1.296301648,2.955839895,1.491732283,38.7,93.8,-46.0,1.0,,,,-0.061,70.1,7.9,False,0,0,0,0,True,https://www.mlb.com/video/parker-messick-foul-to-gustavo-campero-khsa68?partnerId=web_multimedia-search_video-share,Pitch,
823992_14_1,2026-08-24,823992,R,14,1,2,Bot,2,LAA,CLE,"Messick, Parker",800048,672569,R,L,0,0,0-0,False,False,True,1,FF,Four-Seam Fastball,4-Seam Fastball,foul,none,S,none,True,True,True,False,False,True,False,2,93.2,93.5,2290,6.5,1.02,53.99,5.54,0.17,1.39,0.250745243,2.671967673,2.955839895,1.491732283,43.8,88.8,29.0,298.0,,,,-0.043,60.7,5.7,False,0,0,0,0,True,https://www.mlb.com/video/parker-messick-foul-to-gustavo-campero?partnerId=web_multimedia-search_video-share,Pitch,
823992_13_6,2026-08-24,823992,R,13,6,2,Bot,1,LAA,CLE,"Messick, Parker",800048,642350,R,L,3,2,3-2,False,True,False,1,FF,Four-Seam Fastball,4-Seam Fastball,hit_into_play,field_out,X,line_drive,False,True,True,False,False,True,False,5,94.0,94.1,2167,6.4,0.82,54.14,5.55,0.51,1.28,0.069251462,2.412094591,3.305134514,1.668011811,41.6,101.8,21.0,378.0,0.557,0.735,0.0,-0.345,79.1,7.4,True,0,0,0,0,True,https://www.mlb.com/video/jose-siri-lines-out-sharply-to-center-fielder-petey-halpin?partnerId=web_multimedia-search_video-share,Pitch,
823992_13_5,2026-08-24,823992,R,13,5,2,Bot,1,LAA,CLE,"Messick, Parker",800048,642350,R,L,2,2,2-2,False,True,False,1,CH,Changeup,Changeup,ball,none,B,none,False,False,False,False,False,False,False,14,87.3,86.8,1791,6.2,1.24,54.3,5.55,1.18,0.13,0.982568144,0.909243948,3.305134514,1.668011811,37.1,,,,,,,0.111,,,False,0,0,0,0,True,https://www.mlb.com/video/parker-messick-ball-to-jose-siri-wghrck?partnerId=web_multimedia-search_video-share,Pitch,
823992_13_4,2026-08-24,823992,R,13,4,2,Bot,1,LAA,CLE,"Messick, Parker",800048,642350,R,L,2,1,2-1,False,False,False,1,FF,Four-Seam Fastball,4-Seam Fastball,called_strike,none,S,none,True,False,False,False,True,True,False,6,94.5,94.4,2110,6.4,0.91,54.14,5.6,0.34,1.49,0.709824509,2.501466831,3.305134514,1.668011811,41.8,,,,,,,-0.076,,,False,0,0,0,0,True,https://www.mlb.com/video/parker-messick-called-strike-to-jose-siri-wiifdo?partnerId=web_multimedia-search_video-share,Pitch,
823992_13_3,2026-08-24,823992,R,13,3,2,Bot,1,LAA,CLE,"Messick, Parker",800048,642350,R,L,1,1,1-1,False,False,False,1,FF,Four-Seam Fastball,4-Seam Fastball,ball,none,B,none,False,False,False,False,False,False,False,12,94.0,93.6,2150,6.3,0.92,54.23,5.63,0.35,1.45,0.603731648,3.961115191,3.305134514,1.668011811,43.0,,,,,,,0.057,,,False,0,0,0,0,True,https://www.mlb.com/video/parker-messick-ball-to-jose-siri-txl4z3?partnerId=web_multimedia-search_video-share,Pitch,
823992_13_2,2026-08-24,823992,R,13,2,2,Bot,1,LAA,CLE,"Messick, Parker",800048,642350,R,L,1,0,1-0,False,False,False,1,CH,Changeup,Changeup,called_strike,none,S,none,True,False,False,False,True,True,False,3,85.6,84.7,1902,6.1,1.07,54.36,5.61,1.15,0.22,0.81275018,3.231766094,3.305134514,1.668011811,42.0,,,,,,,-0.05,,,False,0,0,0,0,True,https://www.mlb.com/video/parker-messick-called-strike-to-jose-siri?partnerId=web_multimedia-search_video-share,Pitch,
823992_13_1,2026-08-24,823992,R,13,1,2,Bot,1,LAA,CLE,"Messick, Parker",800048,642350,R,L,0,0,0-0,False,False,True,1,FF,Four-Seam Fastball,4-Seam Fastball,ball,none,B,none,False,False,False,False,False,True,False,9,93.9,93.8,2084,6.5,0.88,53.97,5.56,0.34,1.47,0.631064758,1.73054547,3.305134514,1.668011811,41.3,,,,,,,0.042,,,False,0,0,0,0,True,https://www.mlb.com/video/parker-messick-ball-to-jose-siri?partnerId=web_multimedia-search_video-share,Pitch,
823992_12_3,2026-08-24,823992,R,12,3,2,Bot,0,LAA,CLE,"Messick, Parker",800048,694208,L,L,2,0,2-0,False,False,False,1,SI,Sinker,Sinker,hit_into_play,field_out,X,ground_ball,False,True,True,False,False,True,False,1,92.2,92.4,2138,6.4,0.92,54.07,5.61,0.98,0.84,-0.360610591,2.794102133,3.040091864,1.534251969,42.2,87.4,-18.0,8.0,0.052,0.047,0.0,-0.386,70.6,6.8,False,0,0,0,0,True,https://www.mlb.com/video/parker-messick-in-play-out-s-to-moises-ballesteros?partnerId=web_multimedia-search_video-share,Pitch,
823992_12_2,2026-08-24,823992,R,12,2,2,Bot,0,LAA,CLE,"Messick, Parker",800048,694208,L,L,1,0,1-0,False,False,False,1,FF,Four-Seam Fastball,4-Seam Fastball,ball,none,B,none,False,False,False,False,False,False,False,11,93.1,93.5,2207,6.5,0.81,53.97,5.61,0.26,1.34,-1.412243004,2.977541449,3.040091864,1.534251969,43.0,,,,,,,0.083,,,False,0,0,0,0,True,https://www.mlb.com/video/parker-messick-ball-to-moises-ballesteros-yyvtzj?partnerId=web_multimedia-search_video-share,Pitch,
823992_12_1,2026-08-24,823992,R,12,1,2,Bot,0,LAA,CLE,"Messick, Parker",800048,694208,L,L,0,0,0-0,False,False,True,1,FF,Four-Seam Fastball,4-Seam Fastball,ball,none,B,none,False,False,False,False,False,False,False,12,93.3,93.7,2141,6.6,0.9,53.93,5.64,0.31,1.33,0.899052123,2.632930494,3.040091864,1.534251969,44.4,,,,,,,0.044,,,False,0,0,0,0,True,https://www.mlb.com/video/parker-messick-ball-to-moises-ballesteros-hlxsog?partnerId=web_multimedia-search_video-share,Pitch,
823992_7_5,2026-08-24,823992,R,7,5,1,Bot,2,LAA,CLE,"Messick, Parker",800048,687093,R,L,3,1,3-1,False,False,False,1,FF,Four-Seam Fastball,4-Seam Fastball,hit_into_play,field_out,X,fly_ball,False,True,True,False,False,True,False,1,94.5,94.5,2131,6.5,0.84,54.01,5.54,0.1,1.42,-0.395799555,2.802802848,3.301624016,1.666240158,42.2,80.5,33.0,294.0,0.04,0.041,0.0,-0.4,75.1,6.9,False,0,0,0,0,True,https://www.mlb.com/video/vaughn-grissom-flies-out-to-center-fielder-petey-halpin?partnerId=web_multimedia-search_video-share,Pitch,
823992_7_4,2026-08-24,823992,R,7,4,1,Bot,2,LAA,CLE,"Messick, Parker",800048,687093,R,L,2,1,2-1,False,False,False,1,FF,Four-Seam Fastball,4-Seam Fastball,ball,none,B,none,False,False,False,False,False,False,False,12,94.0,94.0,2136,6.5,0.9,54.02,5.55,0.2,1.44,0.856323424,2.512946662,3.301624016,1.666240158,41.4,,,,,,,0.101,,,False,0,0,0,0,True,https://www.mlb.com/video/parker-messick-ball-to-vaughn-grissom-2hypyg?partnerId=web_multimedia-search_video-share,Pitch,
823992_7_3,2026-08-24,823992,R,7,3,1,Bot,2,LAA,CLE,"Messick, Parker",800048,687093,R,L,2,0,2-0,False,False,False,1,FF,Four-Seam Fastball,4-Seam Fastball,foul,none,S,none,True,True,True,False,False,True,False,2,94.2,94.1,2171,6.4,0.9,54.09,5.59,0.39,1.42,0.180875255,2.869408686,3.301624016,1.666240158,41.1,77.7,20.0,204.0,,,,-0.062,74.2,6.8,False,0,0,0,0,True,https://www.mlb.com/video/parker-messick-foul-to-vaughn-grissom-24k7ii?partnerId=web_multimedia-search_video-share,Pitch,
823992_7_2,2026-08-24,823992,R,7,2,1,Bot,2,LAA,CLE,"Messick, Parker",800048,687093,R,L,1,0,1-0,False,False,False,1,CH,Changeup,Changeup,ball,none,B,none,False,False,False,False,False,False,False,14,86.0,85.9,1493,6.4,1.0,54.1,5.54,1.28,0.36,1.015553151,2.39322926,3.301624016,1.666240158,39.0,,,,,,,0.063,,,False,0,0,0,0,True,https://www.mlb.com/video/parker-messick-ball-to-vaughn-grissom-qafxcn?partnerId=web_multimedia-search_video-share,Pitch,
823992_7_1,2026-08-24,823992,R,7,1,1,Bot,2,LAA,CLE,"Messick, Parker",800048,687093,R,L,0,0,0-0,False,False,True,1,FF,Four-Seam Fastball,4-Seam Fastball,ball,none,B,none,False,False,False,False,False,False,False,12,93.7,93.6,2074,6.3,0.88,54.16,5.67,0.42,1.15,0.55782006,3.570887439,3.301624016,1.666240158,43.5,,,,,,,0.04,,,False,0,0,0,0,True,https://www.mlb.com/video/parker-messick-ball-to-vaughn-grissom-qxgdub?partnerId=web_multimedia-search_video-share,Pitch,
823992_6_8,2026-08-24,823992,R,6,8,1,Bot,1,LAA,CLE,"Messick, Parker",800048,545361,R,L,3,2,3-2,False,True,False,1,FF,Four-Seam Fastball,4-Seam Fastball,hit_into_play,field_out,X,ground_ball,False,True,True,False,False,True,False,4,95.1,95.4,2306,6.6,0.8,53.94,5.61,0.38,1.41,-0.722073016,2.174897737,3.243700787,1.637007874,44.6,77.0,-13.0,9.0,0.075,0.072,0.0,-0.345,74.0,6.9,False,0,0,0,0,True,https://www.mlb.com/video/parker-messick-in-play-out-s-to-mike-trout?partnerId=web_multimedia-search_video-share,Pitch,
823992_6_7,2026-08-24,823992,R,6,7,1,Bot,1,LAA,CLE,"Messick, Parker",800048,545361,R,L,2,2,2-2,False,True,False,1,SL,Slider,Slider,ball,none,B,none,False,False,False,False,False,False,False,14,86.4,86.9,2427,6.5,0.96,53.99,5.62,-0.79,0.22,0.222159235,1.455988378,3.243700787,1.637007874,44.1,,,,,,,0.111,,,False,0,0,0,0,True,https://www.mlb.com/video/parker-messick-ball-to-mike-trout-imlnb3?partnerId=web_multimedia-search_video-share,Pitch,
823992_6_6,2026-08-24,823992,R,6,6,1,Bot,1,LAA,CLE,"Messick, Parker",800048,545361,R,L,1,2,1-2,True,True,False,1,FF,Four-Seam Fastball,4-Seam Fastball,ball,none,B,none,False,False,False,False,False,False,False,11,94.6,94.5,2291,6.4,0.9,54.1,5.62,0.24,1.4,-0.04519231,3.901359024,3.243700787,1.637007874,42.7,,,,,,,0.052,,,False,0,0,0,0,True,https://www.mlb.com/video/parker-messick-ball-to-mike-trout-fydaaj?partnerId=web_multimedia-search_video-share,Pitch,
823992_6_5,2026-08-24,823992,R,6,5,1,Bot,1,LAA,CLE,"Messick, Parker",800048,545361,R,L,0,2,0-2,True,True,False,1,CH,Changeup,Changeup,ball,none,B,none,False,False,False,False,False,False,False,14,84.8,84.5,1841,6.2,1.14,54.27,5.59,1.14,0.17,0.715674058,0.136692137,3.243700787,1.637007874,37.2,,,,,,,0.019,,,False,0,0,0,0,True,https://www.mlb.com/video/parker-messick-ball-to-mike-trout-fgat13?partnerId=web_multimedia-search_video-share,Pitch,
823992_6_4,2026-08-24,823992,R,6,4,1,Bot,1,LAA,CLE,"Messick, Parker",800048,545361,R,L,0,2,0-2,True,True,False,1,FF,Four-Seam Fastball,4-Seam Fastball,foul,none,S,none,True,True,True,False,False,False,True,11,93.3,93.4,2165,6.4,0.8,54.11,5.68,0.32,1.45,-0.996380447,2.711681034,3.243700787,1.637007874,44.1,61.9,-28.0,5.0,,,,0.0,66.4,6.8,False,0,0,0,0,True,https://www.mlb.com/video/parker-messick-foul-to-mike-trout-ic6d1a?partnerId=web_multimedia-search_video-share,Pitch,
823992_6_3,2026-08-24,823992,R,6,3,1,Bot,1,LAA,CLE,"Messick, Parker",800048,545361,R,L,0,2,0-2,True,True,False,1,FF,Four-Seam Fastball,4-Seam Fastball,foul,none,S,none,True,True,True,False,False,True,False,2,93.3,93.5,2091,6.4,0.96,54.06,5.62,0.55,1.24,0.256132091,2.939622869,3.243700787,1.637007874,42.8,75.4,59.0,187.0,,,,0.0,74.2,6.7,False,0,0,0,0,True,https://www.mlb.com/video/parker-messick-foul-to-mike-trout-6gxrpx?partnerId=web_multimedia-search_video-share,Pitch,
823992_6_2,2026-08-24,823992,R,6,2,1,Bot,1,LAA,CLE,"Messick, Parker",800048,545361,R,L,0,1,0-1,True,False,False,1,SL,Slider,Slider,called_strike,none,S,none,True,False,False,False,True,False,False,12,85.8,85.9,2268,6.3,0.97,54.17,5.73,-0.31,0.23,0.874718257,2.975595015,3.243700787,1.637007874,44.2,,,,,,,-0.057,,,False,0,0,0,0,True,https://www.mlb.com/video/parker-messick-called-strike-to-mike-trout-dshzr7?partnerId=web_multimedia-search_video-share,Pitch,
823992_6_1,2026-08-24,823992,R,6,1,1,Bot,1,LAA,CLE,"Messick, Parker",800048,545361,R,L,0,0,0-0,False,False,True,1,FF,Four-Seam Fastball,4-Seam Fastball,called_strike,none,S,none,True,False,False,False,True,True,False,3,92.5,92.4,2056,6.4,0.9,54.13,5.7,0.47,1.33,0.689251658,2.855521511,3.243700787,1.637007874,42.1,,,,,,,-0.041,,,False,0,0,0,0,True,https://www.mlb.com/video/parker-messick-called-strike-to-mike-trout-pk6lca?partnerId=web_multimedia-search_video-share,Pitch,
823992_5_1,2026-08-24,823992,R,5,1,1,Bot,0,LAA,CLE,"Messick, Parker",800048,687263,R,L,0,0,0-0,False,False,True,1,CH,Changeup,Changeup,hit_into_play,field_out,X,ground_ball,False,True,True,False,False,False,True,12,84.5,83.6,1712,6.0,1.0,54.49,5.72,1.08,0.3,1.070392435,2.86800814,3.169980315,1.59980315,40.0,93.8,1.0,55.0,0.4,0.395,0.0,-0.259,,,False,0,0,0,0,True,https://www.mlb.com/video/zach-neto-grounds-out-shortstop-brayan-rocchio-to-first-baseman-nathaniel?partnerId=web_multimedia-search_video-share,Pitch,
824394_48_6,2026-08-19,824394,R,48,6,7,Top,1,CLE,SF,"Messick, Parker",800048,701852,L,L,1,2,1-2,True,True,False,3,SL,Slider,Slider,swinging_strike,strikeout,S,none,True,True,False,True,True,False,True,13,86.4,87.2,2428,6.7,1.08,53.82,5.35,-0.61,0.5,-1.058897511,1.182160236,3.203330053,1.616633858,42.3,,,,,0.0,0.0,-0.177,65.2,7.9,False,0,1,1,0,True,https://www.mlb.com/video/drew-cavanaugh-strikes-out-swinging-z4l7a1?partnerId=web_multimedia-search_video-share,Pitch,
824394_48_5,2026-08-19,824394,R,48,5,7,Top,1,CLE,SF,"Messick, Parker",800048,701852,L,L,1,2,1-2,True,True,False,3,SI,Sinker,Sinker,foul,none,S,none,True,True,True,False,False,True,False,9,92.0,92.7,2148,6.6,1.05,53.9,5.29,1.22,0.84,0.643359286,1.708468197,3.203330053,1.616633858,44.8,76.4,-20.0,5.0,,,,0.0,71.0,7.4,False,0,1,1,0,True,https://www.mlb.com/video/parker-messick-foul-to-drew-cavanaugh-biknt6?partnerId=web_multimedia-search_video-share,Pitch,
824394_48_4,2026-08-19,824394,R,48,4,7,Top,1,CLE,SF,"Messick, Parker",800048,701852,L,L,1,2,1-2,True,True,False,3,FF,Four-Seam Fastball,4-Seam Fastball,foul,none,S,none,True,True,True,False,False,True,False,4,93.8,94.8,2270,6.7,0.91,53.81,5.34,0.3,1.44,-0.408922704,2.480264554,3.203330053,1.616633858,41.2,84.2,53.0,218.0,,,,0.0,70.7,6.4,False,0,1,1,0,True,https://www.mlb.com/video/parker-messick-foul-to-drew-cavanaugh-v2xk5b?partnerId=web_multimedia-search_video-share,Pitch,
824394_48_3,2026-08-19,824394,R,48,3,7,Top,1,CLE,SF,"Messick, Parker",800048,701852,L,L,1,1,1-1,False,False,False,3,FF,Four-Seam Fastball,4-Seam Fastball,swinging_strike,none,S,none,True,True,False,True,True,False,True,11,92.5,92.9,2245,6.5,1.01,54.01,5.44,0.2,1.37,-0.133297266,3.669749789,3.203330053,1.616633858,42.3,,,,,,,-0.067,58.5,4.9,False,0,1,1,0,True,https://www.mlb.com/video/parker-messick-swinging-strike-to-drew-cavanaugh-zqksqn?partnerId=web_multimedia-search_video-share,Pitch,
824394_48_2,2026-08-19,824394,R,48,2,7,Top,1,CLE,SF,"Messick, Parker",800048,701852,L,L,0,1,0-1,True,False,False,3,SI,Sinker,Sinker,ball,none,B,none,False,False,False,False,False,False,False,14,91.7,92.3,1995,6.6,1.1,53.9,5.35,1.15,0.72,0.007613403,1.165279164,3.203330053,1.616633858,39.6,,,,,,,0.028,,,False,0,1,1,0,True,https://www.mlb.com/video/parker-messick-ball-to-drew-cavanaugh-ietxs7?partnerId=web_multimedia-search_video-share,Pitch,
824394_48_1,2026-08-19,824394,R,48,1,7,Top,1,CLE,SF,"Messick, Parker",800048,701852,L,L,0,0,0-0,False,False,True,3,FF,Four-Seam Fastball,4-Seam Fastball,foul,none,S,none,True,True,True,False,False,True,False,4,93.2,93.8,2169,6.5,1.07,53.95,5.36,0.36,1.43,-0.67189944,2.260070812,3.203330053,1.616633858,42.6,,,,,,,-0.039,72.9,6.7,False,0,1,1,0,True,https://www.mlb.com/video/parker-messick-foul-to-drew-cavanaugh-mtrrbq?partnerId=web_multimedia-search_video-share,Pitch,
824394_47_2,2026-08-19,824394,R,47,2,7,Top,0,CLE,SF,"Messick, Parker",800048,678545,R,L,0,1,0-1,True,False,False,3,CH,Changeup,Changeup,hit_into_play,field_out,X,fly_ball,False,True,True,False,False,True,False,5,83.9,84.0,1697,6.3,1.4,54.15,5.32,1.2,0.3,0.148149869,2.106599366,3.18402231,1.606889764,39.4,78.5,44.0,262.0,0.06,0.073,0.0,-0.208,84.7,7.5,False,0,1,1,0,True,https://www.mlb.com/video/parker-messick-in-play-out-s-to-osleivis-basabe-78eint?partnerId=web_multimedia-search_video-share,Pitch,
824394_47_1,2026-08-19,824394,R,47,1,7,Top,0,CLE,SF,"Messick, Parker",800048,678545,R,L,0,0,0-0,False,False,True,3,FF,Four-Seam Fastball,4-Seam Fastball,foul_tip,none,S,none,True,True,True,False,False,True,False,2,93.6,94.1,2129,6.5,1.12,53.96,5.38,0.44,1.33,0.181061957,2.779693773,3.18402231,1.606889764,43.7,,,,,,,-0.04,75.6,6.6,False,0,1,1,0,True,https://www.mlb.com/video/parker-messick-foul-tip-to-osleivis-basabe?partnerId=web_multimedia-search_video-share,Pitch,
824394_46_4,2026-08-19,824394,R,46,4,7,Top,0,CLE,SF,"Messick, Parker",800048,808982,L,L,1,2,1-2,True,True,False,3,SL,Slider,Slider,hit_into_play,single,X,ground_ball,False,True,True,False,False,False,True,13,86.0,87.3,2539,6.9,1.16,53.64,5.37,-0.4,0.37,-0.278064803,1.493680852,3.22351542,1.626820866,43.9,101.7,0.0,46.0,0.5,0.472,0.9,0.519,69.6,7.9,True,0,1,1,0,True,https://www.mlb.com/video/parker-messick-in-play-no-out-to-jung-hoo-lee-wygrv6?partnerId=web_multimedia-search_video-share,Pitch,
824394_46_3,2026-08-19,824394,R,46,3,7,Top,0,CLE,SF,"Messick, Parker",800048,808982,L,L,1,1,1-1,False,False,False,3,FF,Four-Seam Fastball,4-Seam Fastball,foul,none,S,none,True,True,True,False,False,True,False,2,92.1,92.7,2256,6.6,1.02,53.89,5.4,0.39,1.5,-0.268417789,3.280425986,3.22351542,1.626820866,46.7,83.9,55.0,224.0,,,,-0.061,66.9,7.2,False,0,1,1,0,True,https://www.mlb.com/video/parker-messick-foul-to-jung-hoo-lee?partnerId=web_multimedia-search_video-share,Pitch,
824394_46_2,2026-08-19,824394,R,46,2,7,Top,0,CLE,SF,"Messick, Parker",800048,808982,L,L,1,0,1-0,False,False,False,3,SI,Sinker,Sinker,called_strike,none,S,none,True,False,False,False,True,True,False,4,90.9,91.6,2179,6.6,1.2,53.88,5.37,1.15,0.73,-0.511071103,2.286478274,3.22351542,1.626820866,41.6,,,,,,,-0.056,,,False,0,1,1,0,True,https://www.mlb.com/video/parker-messick-called-strike-to-jung-hoo-lee-5on4gy?partnerId=web_multimedia-search_video-share,Pitch,
824394_46_1,2026-08-19,824394,R,46,1,7,Top,0,CLE,SF,"Messick, Parker",800048,808982,L,L,0,0,0-0,False,False,True,3,FF,Four-Seam Fastball,4-Seam Fastball,ball,none,B,none,False,False,False,False,False,False,False,11,91.1,91.7,2219,6.5,1.05,53.96,5.4,0.33,1.34,-0.415306632,3.712439505,3.22351542,1.626820866,42.0,,,,,,,0.044,,,False,0,1,1,0,True,https://www.mlb.com/video/parker-messick-ball-to-jung-hoo-lee?partnerId=web_multimedia-search_video-share,Pitch,
824394_41_3,2026-08-19,824394,R,41,3,6,Top,2,CLE,SF,"Messick, Parker",800048,682674,R,L,0,2,0-2,True,True,False,3,FF,Four-Seam Fastball,4-Seam Fastball,hit_into_play,field_out,X,ground_ball,False,True,True,False,False,False,True,11,94.7,95.4,2319,6.5,1.06,53.98,5.32,0.52,1.38,-0.116844801,3.546323918,3.255987533,1.643208661,40.2,88.4,-9.0,18.0,0.167,0.163,0.0,-0.175,69.2,6.5,False,0,1,1,0,True,https://www.mlb.com/video/parker-messick-in-play-out-s-to-victor-bericoto?partnerId=web_multimedia-search_video-share,Pitch,
824394_41_2,2026-08-19,824394,R,41,2,6,Top,2,CLE,SF,"Messick, Parker",800048,682674,R,L,0,1,0-1,True,False,False,3,FF,Four-Seam Fastball,4-Seam Fastball,swinging_strike,none,S,none,True,True,False,True,True,False,True,12,94.1,95.0,2331,6.7,1.12,53.84,5.32,0.63,1.37,0.73232924,3.63740342,3.255987533,1.643208661,39.4,,,,,,,-0.06,72.1,6.6,False,0,1,1,0,True,https://www.mlb.com/video/parker-messick-swinging-strike-to-victor-bericoto-3l8pvv?partnerId=web_multimedia-search_video-share,Pitch,
824394_41_1,2026-08-19,824394,R,41,1,6,Top,2,CLE,SF,"Messick, Parker",800048,682674,R,L,0,0,0-0,False,False,True,3,FF,Four-Seam Fastball,4-Seam Fastball,called_strike,none,S,none,True,False,False,False,True,True,False,6,93.5,94.2,2299,6.6,1.04,53.94,5.36,0.56,1.41,0.35966763,2.7046534,3.255987533,1.643208661,38.0,,,,,,,-0.04,,,False,0,1,1,0,True,https://www.mlb.com/video/parker-messick-called-strike-to-victor-bericoto-6in9yj?partnerId=web_multimedia-search_video-share,Pitch,
824394_40_6,2026-08-19,824394,R,40,6,6,Top,1,CLE,SF,"Messick, Parker",800048,805811,L,L,1,2,1-2,True,True,False,3,FF,Four-Seam Fastball,4-Seam Fastball,swinging_strike,strikeout,S,none,True,True,False,True,True,False,True,12,95.0,95.9,2324,6.5,1.05,53.97,5.35,0.62,1.32,0.416691996,4.441110479,3.541215551,1.787155512,40.7,,,,,0.0,0.0,-0.177,59.7,4.4,False,0,1,1,0,True,https://www.mlb.com/video/bryce-eldridge-strikes-out-swinging-4u53qn?partnerId=web_multimedia-search_video-share,Pitch,
824394_40_5,2026-08-19,824394,R,40,5,6,Top,1,CLE,SF,"Messick, Parker",800048,805811,L,L,1,2,1-2,True,True,False,3,CH,Changeup,Changeup,foul,none,S,none,True,True,True,False,False,True,False,9,85.4,85.8,1801,6.5,1.3,54.02,5.32,1.11,0.0,0.417889363,2.16720162,3.541215551,1.787155512,37.0,72.4,-15.0,9.0,,,,0.0,72.0,8.1,False,0,1,1,0,True,https://www.mlb.com/video/parker-messick-foul-to-bryce-eldridge-xhk0tc?partnerId=web_multimedia-search_video-share,Pitch,
824394_40_4,2026-08-19,824394,R,40,4,6,Top,1,CLE,SF,"Messick, Parker",800048,805811,L,L,0,2,0-2,True,True,False,3,SL,Slider,Slider,blocked_ball,none,B,none,False,False,False,False,False,False,False,13,87.9,88.6,2437,6.6,1.1,53.86,5.39,-0.12,0.38,-0.759587477,0.178873167,3.541215551,1.787155512,41.3,,,,,,,0.02,,,False,0,1,1,0,True,https://www.mlb.com/video/parker-messick-ball-in-dirt-to-bryce-eldridge?partnerId=web_multimedia-search_video-share,Pitch,
824394_40_3,2026-08-19,824394,R,40,3,6,Top,1,CLE,SF,"Messick, Parker",800048,805811,L,L,0,2,0-2,True,True,False,3,SI,Sinker,Sinker,foul,none,S,none,True,True,True,False,False,False,True,14,92.1,92.7,2030,6.6,1.09,53.92,5.29,1.3,0.74,0.740384651,1.379181666,3.541215551,1.787155512,40.6,81.7,-11.0,8.0,,,,0.0,72.5,8.2,False,0,1,1,0,True,https://www.mlb.com/video/parker-messick-foul-to-bryce-eldridge-vyg7qj?partnerId=web_multimedia-search_video-share,Pitch,
824394_40_2,2026-08-19,824394,R,40,2,6,Top,1,CLE,SF,"Messick, Parker",800048,805811,L,L,0,1,0-1,True,False,False,3,FF,Four-Seam Fastball,4-Seam Fastball,foul,none,S,none,True,True,True,False,False,True,False,4,94.1,94.6,2136,6.6,0.92,53.85,5.38,0.78,1.3,-0.600733827,2.550272513,3.541215551,1.787155512,42.8,93.8,34.0,311.0,,,,-0.059,71.6,6.8,False,0,1,1,0,True,https://www.mlb.com/video/parker-messick-foul-to-bryce-eldridge-1zi1cm?partnerId=web_multimedia-search_video-share,Pitch,
824394_40_1,2026-08-19,824394,R,40,1,6,Top,1,CLE,SF,"Messick, Parker",800048,805811,L,L,0,0,0-0,False,False,True,3,SI,Sinker,Sinker,foul,none,S,none,True,True,True,False,False,True,False,6,92.2,92.6,2180,6.6,1.15,53.92,5.36,1.38,0.84,0.771270756,2.951310428,3.541215551,1.787155512,39.9,69.6,-33.0,5.0,,,,-0.039,76.9,7.5,False,0,1,1,0,True,https://www.mlb.com/video/parker-messick-foul-to-bryce-eldridge-c0mtdg?partnerId=web_multimedia-search_video-share,Pitch,
824394_39_3,2026-08-19,824394,R,39,3,6,Top,1,CLE,SF,"Messick, Parker",800048,642715,R,L,1,1,1-1,False,False,False,3,SI,Sinker,Sinker,hit_into_play,single,X,line_drive,False,True,True,False,False,True,False,4,91.9,92.5,2209,6.5,1.2,53.99,5.38,1.15,1.02,-0.420789266,2.389468793,3.22351542,1.626820866,38.2,88.1,17.0,248.0,0.857,0.795,0.9,0.425,71.3,7.6,False,0,1,1,0,True,https://www.mlb.com/video/willy-adames-singles-on-a-line-drive-to-center-fielder-petey-halpin?partnerId=web_multimedia-search_video-share,Pitch,
824394_39_2,2026-08-19,824394,R,39,2,6,Top,1,CLE,SF,"Messick, Parker",800048,642715,R,L,0,1,0-1,True,False,False,3,FF,Four-Seam Fastball,4-Seam Fastball,ball,none,B,none,False,False,False,False,False,False,False,11,93.9,94.6,2125,6.6,1.01,53.92,5.38,0.4,1.36,-1.293966851,3.008863238,3.22351542,1.626820866,41.7,,,,,,,0.033,,,False,0,1,1,0,True,https://www.mlb.com/video/parker-messick-ball-to-willy-adames-xrcady?partnerId=web_multimedia-search_video-share,Pitch,
824394_39_1,2026-08-19,824394,R,39,1,6,Top,1,CLE,SF,"Messick, Parker",800048,642715,R,L,0,0,0-0,False,False,True,3,CU,Curveball,Curveball,called_strike,none,S,none,True,False,False,False,True,True,False,7,79.9,80.4,2377,6.6,1.21,53.88,5.39,-1.22,-0.56,-0.736959455,1.825187939,3.22351542,1.626820866,48.3,,,,,,,-0.041,,,False,0,1,1,0,True,https://www.mlb.com/video/parker-messick-called-strike-to-willy-adames-xsqhom?partnerId=web_multimedia-search_video-share,Pitch,
824394_38_4,2026-08-19,824394,R,38,4,6,Top,0,CLE,SF,"Messick, Parker",800048,646240,L,L,1,2,1-2,True,True,False,3,FF,Four-Seam Fastball,4-Seam Fastball,swinging_strike,strikeout,S,none,True,True,False,True,True,False,True,11,94.3,95.5,2162,6.8,0.96,53.71,5.44,0.26,1.35,-1.012566968,2.981520838,3.217372047,1.623720472,42.2,,,,,0.0,0.0,-0.185,69.2,6.8,False,0,1,1,0,True,https://www.mlb.com/video/rafael-devers-strikes-out-swinging-vtqd18?partnerId=web_multimedia-search_video-share,Pitch,
824394_38_3,2026-08-19,824394,R,38,3,6,Top,0,CLE,SF,"Messick, Parker",800048,646240,L,L,1,1,1-1,False,False,False,3,SI,Sinker,Sinker,swinging_strike,none,S,none,True,True,False,True,True,True,False,2,91.8,92.6,2218,6.6,1.21,53.91,5.36,1.11,0.99,-0.047709059,3.122939971,3.217372047,1.623720472,40.6,,,,,,,-0.061,67.2,6.6,False,0,1,1,0,True,https://www.mlb.com/video/parker-messick-swinging-strike-to-rafael-devers-8gntw7?partnerId=web_multimedia-search_video-share,Pitch,
824394_38_2,2026-08-19,824394,R,38,2,6,Top,0,CLE,SF,"Messick, Parker",800048,646240,L,L,0,1,0-1,True,False,False,3,FF,Four-Seam Fastball,4-Seam Fastball,ball,none,B,none,False,False,False,False,False,False,False,13,93.8,94.8,2221,6.8,0.93,53.69,5.37,0.45,1.38,-2.134606756,1.873393947,3.217372047,1.623720472,44.1,,,,,,,0.029,,,False,0,1,1,0,True,https://www.mlb.com/video/parker-messick-ball-to-rafael-devers-rhtoab?partnerId=web_multimedia-search_video-share,Pitch,
824394_38_1,2026-08-19,824394,R,38,1,6,Top,0,CLE,SF,"Messick, Parker",800048,646240,L,L,0,0,0-0,False,False,True,3,SL,Slider,Slider,called_strike,none,S,none,True,False,False,False,True,True,False,5,85.9,86.8,2420,6.5,1.06,53.96,5.51,-0.04,0.4,0.021838637,2.389789996,3.217372047,1.623720472,46.2,,,,,,,-0.042,,,False,0,1,1,0,True,https://www.mlb.com/video/parker-messick-called-strike-to-rafael-devers-ch6spi?partnerId=web_multimedia-search_video-share,Pitch,
824394_34_5,2026-08-19,824394,R,34,5,5,Top,2,CLE,SF,"Messick, Parker",800048,813841,R,L,2,2,2-2,False,True,False,3,CH,Changeup,Changeup,called_strike,strikeout,S,none,True,False,False,False,True,True,False,7,86.2,86.8,1915,6.4,1.2,54.09,5.38,1.14,0.4,-0.574630457,1.663673165,3.29109252,1.660925197,38.3,,,,,0.0,0.0,-0.22,,,False,0,1,1,0,True,https://www.mlb.com/video/jonah-cox-called-out-on-strikes-g6fesc?partnerId=web_multimedia-search_video-share,Pitch,
824394_34_4,2026-08-19,824394,R,34,4,5,Top,2,CLE,SF,"Messick, Parker",800048,813841,R,L,1,2,1-2,True,True,False,3,CH,Changeup,Changeup,ball,none,B,none,False,False,False,False,False,False,False,14,85.4,85.9,1831,6.6,1.34,53.86,5.31,1.37,0.02,0.377642496,-0.011597606,3.29109252,1.660925197,36.9,,,,,,,0.041,,,False,0,1,1,0,True,https://www.mlb.com/video/parker-messick-ball-to-jonah-cox-kxszyp?partnerId=web_multimedia-search_video-share,Pitch,
824394_34_3,2026-08-19,824394,R,34,3,5,Top,2,CLE,SF,"Messick, Parker",800048,813841,R,L,0,2,0-2,True,True,False,3,CH,Changeup,Changeup,ball,none,B,none,False,False,False,False,False,False,False,14,86.0,86.3,1746,6.4,1.37,54.1,5.36,1.24,0.03,3.340387771,1.974137445,3.29109252,1.660925197,36.7,,,,,,,0.026,,,False,0,1,1,0,True,https://www.mlb.com/video/parker-messick-ball-to-jonah-cox-h39qan?partnerId=web_multimedia-search_video-share,Pitch,
824394_34_2,2026-08-19,824394,R,34,2,5,Top,2,CLE,SF,"Messick, Parker",800048,813841,R,L,0,1,0-1,True,False,False,3,FF,Four-Seam Fastball,4-Seam Fastball,foul,none,S,none,True,True,True,False,False,False,True,11,94.6,95.3,2256,6.5,0.98,53.99,5.39,0.54,1.24,-0.18223519,3.59975422,3.29109252,1.660925197,40.0,80.1,12.0,157.0,,,,-0.061,71.3,5.8,False,0,1,1,0,True,https://www.mlb.com/video/parker-messick-foul-to-jonah-cox-mn3y42?partnerId=web_multimedia-search_video-share,Pitch,
824394_34_1,2026-08-19,824394,R,34,1,5,Top,2,CLE,SF,"Messick, Parker",800048,813841,R,L,0,0,0-0,False,False,True,3,FF,Four-Seam Fastball,4-Seam Fastball,called_strike,none,S,none,True,False,False,False,True,True,False,6,94.3,95.2,2192,6.6,1.11,53.89,5.41,0.68,1.28,0.535656604,2.712424377,3.29109252,1.660925197,42.5,,,,,,,-0.043,,,False,0,1,1,0,True,https://www.mlb.com/video/parker-messick-called-strike-to-jonah-cox-fy7w4t?partnerId=web_multimedia-search_video-share,Pitch,
824394_33_1,2026-08-19,824394,R,33,1,5,Top,1,CLE,SF,"Messick, Parker",800048,683766,R,L,0,0,0-0,False,False,True,2,FF,Four-Seam Fastball,4-Seam Fastball,hit_into_play,field_out,X,ground_ball,False,True,True,False,False,True,False,4,93.0,93.9,2228,6.6,1.05,53.86,5.37,0.21,1.37,-0.565223513,2.640135944,3.254232283,1.642322835,43.2,87.4,-6.0,23.0,0.187,0.168,0.0,-0.261,70.8,6.8,False,0,1,1,0,True,https://www.mlb.com/video/parker-messick-in-play-out-s-to-christian-koss?partnerId=web_multimedia-search_video-share,Pitch,
824394_32_4,2026-08-19,824394,R,32,4,5,Top,0,CLE,SF,"Messick, Parker",800048,701852,L,L,1,2,1-2,True,True,False,2,FF,Four-Seam Fastball,4-Seam Fastball,foul_tip,strikeout,S,none,True,True,True,False,False,True,False,4,94.5,95.4,2209,6.7,0.98,53.77,5.41,0.27,1.55,-0.719702344,2.623082077,3.203330053,1.616633858,44.0,,,,,0.0,0.0,-0.185,69.9,6.2,False,0,1,1,0,True,https://www.mlb.com/video/drew-cavanaugh-strikes-out-on-a-foul-tip-1qthrw?partnerId=web_multimedia-search_video-share,Pitch,
824394_32_3,2026-08-19,824394,R,32,3,5,Top,0,CLE,SF,"Messick, Parker",800048,701852,L,L,1,1,1-1,False,False,False,2,SL,Slider,Slider,swinging_strike,none,S,none,True,True,False,True,True,False,True,13,87.5,88.6,2538,6.7,1.07,53.79,5.46,-0.37,0.37,-0.424621473,0.680016191,3.203330053,1.616633858,44.1,,,,,,,-0.061,70.9,8.0,False,0,1,1,0,True,https://www.mlb.com/video/parker-messick-swinging-strike-to-drew-cavanaugh?partnerId=web_multimedia-search_video-share,Pitch,
824394_32_2,2026-08-19,824394,R,32,2,5,Top,0,CLE,SF,"Messick, Parker",800048,701852,L,L,0,1,0-1,True,False,False,2,FF,Four-Seam Fastball,4-Seam Fastball,ball,none,B,none,False,False,False,False,False,False,False,11,93.1,93.8,2300,6.6,1.01,53.92,5.43,0.14,1.38,-1.809942363,3.070827795,3.203330053,1.616633858,44.6,,,,,,,0.029,,,False,0,1,1,0,True,https://www.mlb.com/video/parker-messick-ball-to-drew-cavanaugh?partnerId=web_multimedia-search_video-share,Pitch,
824394_32_1,2026-08-19,824394,R,32,1,5,Top,0,CLE,SF,"Messick, Parker",800048,701852,L,L,0,0,0-0,False,False,True,2,FF,Four-Seam Fastball,4-Seam Fastball,called_strike,none,S,none,True,False,False,False,True,False,False,12,92.7,93.7,2213,6.6,1.04,53.89,5.48,0.27,1.43,0.387735327,3.349114882,3.203330053,1.616633858,41.1,,,,,,,-0.042,,,False,0,1,1,0,True,https://www.mlb.com/video/parker-messick-called-strike-to-drew-cavanaugh?partnerId=web_multimedia-search_video-share,Pitch,
824394_26_6,2026-08-19,824394,R,26,6,4,Top,2,CLE,SF,"Messick, Parker",800048,678545,R,L,2,2,2-2,False,True,False,2,FF,Four-Seam Fastball,4-Seam Fastball,hit_into_play,field_out,X,fly_ball,False,True,True,False,False,True,False,2,95.9,96.8,2279,6.6,1.03,53.93,5.35,0.51,1.29,-0.029461712,3.227543843,3.18402231,1.606889764,38.9,89.1,51.0,245.0,0.017,0.024,0.0,-0.192,76.2,7.3,False,0,1,1,0,True,https://www.mlb.com/video/parker-messick-in-play-out-s-to-osleivis-basabe?partnerId=web_multimedia-search_video-share,Pitch,
824394_26_5,2026-08-19,824394,R,26,5,4,Top,2,CLE,SF,"Messick, Parker",800048,678545,R,L,1,2,1-2,True,True,False,2,CH,Changeup,Changeup,blocked_ball,none,B,none,False,False,False,False,False,False,False,13,87.3,87.2,1802,6.5,1.36,54.02,5.31,1.15,-0.07,-0.137969275,0.107930291,3.18402231,1.606889764,38.4,,,,,,,0.018,,,False,0,1,1,0,True,https://www.mlb.com/video/parker-messick-ball-in-dirt-to-osleivis-basabe?partnerId=web_multimedia-search_video-share,Pitch,
824394_26_4,2026-08-19,824394,R,26,4,4,Top,2,CLE,SF,"Messick, Parker",800048,678545,R,L,0,2,0-2,True,True,False,2,CH,Changeup,Changeup,blocked_ball,none,B,none,False,False,False,False,False,False,False,13,87.1,87.4,1930,6.5,1.24,53.98,5.31,1.46,0.39,-0.301176364,-0.382459699,3.18402231,1.606889764,37.2,,,,,,,0.019,,,False,0,1,1,0,True,https://www.mlb.com/video/parker-messick-ball-in-dirt-to-osleivis-basabe-5oyaao?partnerId=web_multimedia-search_video-share,Pitch,
824394_26_3,2026-08-19,824394,R,26,3,4,Top,2,CLE,SF,"Messick, Parker",800048,678545,R,L,0,2,0-2,True,True,False,2,FF,Four-Seam Fastball,4-Seam Fastball,foul,none,S,none,True,True,True,False,False,False,True,12,95.7,96.3,2316,6.4,1.0,54.11,5.37,0.64,1.34,0.59843228,3.553484019,3.18402231,1.606889764,40.4,81.8,58.0,209.0,,,,0.0,65.3,6.5,False,0,1,1,0,True,https://www.mlb.com/video/parker-messick-foul-to-osleivis-basabe-z9cxgq?partnerId=web_multimedia-search_video-share,Pitch,
824394_26_2,2026-08-19,824394,R,26,2,4,Top,2,CLE,SF,"Messick, Parker",800048,678545,R,L,0,1,0-1,True,False,False,2,FF,Four-Seam Fastball,4-Seam Fastball,called_strike,none,S,none,True,False,False,False,True,True,False,7,95.9,96.6,2310,6.6,1.12,53.89,5.36,0.33,1.45,-0.628134303,1.896086789,3.18402231,1.606889764,40.6,,,,,,,-0.078,,,False,0,1,1,0,True,https://www.mlb.com/video/parker-messick-called-strike-to-osleivis-basabe?partnerId=web_multimedia-search_video-share,Pitch,
824394_26_1,2026-08-19,824394,R,26,1,4,Top,2,CLE,SF,"Messick, Parker",800048,678545,R,L,0,0,0-0,False,False,True,2,FF,Four-Seam Fastball,4-Seam Fastball,foul_bunt,none,S,none,True,True,True,False,False,True,False,4,95.2,95.7,2296,6.5,0.95,53.95,5.37,0.4,1.6,-0.381494947,2.201263747,3.18402231,1.606889764,40.9,,,,,,,-0.026,,,False,0,1,1,0,True,https://www.mlb.com/video/parker-messick-foul-to-osleivis-basabe-gjaicy?partnerId=web_multimedia-search_video-share,Pitch,
824394_25_1,2026-08-19,824394,R,25,1,4,Top,2,CLE,SF,"Messick, Parker",800048,808982,L,L,0,0,0-0,False,False,True,2,FF,Four-Seam Fastball,4-Seam Fastball,hit_into_play,double,X,ground_ball,False,True,True,False,False,True,False,1,94.8,95.5,2246,6.5,1.03,54.02,5.41,0.48,1.45,-0.295901349,3.044045286,3.22351542,1.626820866,44.3,92.6,7.0,144.0,0.52,0.481,1.25,0.828,61.1,6.5,False,0,1,1,0,True,https://www.mlb.com/video/parker-messick-in-play-no-out-to-jung-hoo-lee?partnerId=web_multimedia-search_video-share,Pitch,
824394_24_1,2026-08-19,824394,R,24,1,4,Top,2,CLE,SF,"Messick, Parker",800048,682674,R,L,0,0,0-0,False,False,True,2,CH,Changeup,Changeup,hit_into_play,single,X,ground_ball,False,True,True,False,False,True,False,6,86.6,87.2,1899,6.5,1.29,54.03,5.42,0.9,0.31,0.450007677,2.341560793,3.255987533,1.643208661,35.8,95.0,-6.0,19.0,0.224,0.223,0.9,0.706,77.3,7.9,True,0,0,0,0,True,https://www.mlb.com/video/parker-messick-in-play-run-s-to-victor-bericoto?partnerId=web_multimedia-search_video-share,Pitch,
824394_23_3,2026-08-19,824394,R,23,3,4,Top,1,CLE,SF,"Messick, Parker",800048,805811,L,L,1,1,1-1,False,False,False,2,SI,Sinker,Sinker,hit_into_play,field_out,X,fly_ball,False,True,True,False,False,True,False,2,94.3,94.9,2187,6.6,1.12,53.9,5.4,1.11,0.66,-0.115235386,3.124417452,3.541215551,1.787155512,42.1,82.1,47.0,239.0,0.017,0.016,0.0,-0.097,73.3,6.7,False,0,0,0,0,True,https://www.mlb.com/video/parker-messick-in-play-out-s-to-bryce-eldridge-91bydt?partnerId=web_multimedia-search_video-share,Pitch,
824394_23_2,2026-08-19,824394,R,23,2,4,Top,1,CLE,SF,"Messick, Parker",800048,805811,L,L,0,1,0-1,True,False,False,2,SL,Slider,Slider,ball,none,B,none,False,False,False,False,False,False,False,13,87.5,88.2,2368,6.9,1.02,53.64,5.38,-0.72,0.34,-2.805441083,-0.602599629,3.541215551,1.787155512,45.9,,,,,,,0.033,,,False,0,0,0,0,True,https://www.mlb.com/video/parker-messick-ball-to-bryce-eldridge-eshbgq?partnerId=web_multimedia-search_video-share,Pitch,
824394_23_1,2026-08-19,824394,R,23,1,4,Top,1,CLE,SF,"Messick, Parker",800048,805811,L,L,0,0,0-0,False,False,True,2,SL,Slider,Slider,called_strike,none,S,none,True,False,False,False,True,True,False,5,87.9,88.5,2341,6.4,1.06,54.05,5.5,-0.54,0.44,0.166837654,2.414862291,3.541215551,1.787155512,43.8,,,,,,,-0.045,,,False,0,0,0,0,True,https://www.mlb.com/video/parker-messick-called-strike-to-bryce-eldridge?partnerId=web_multimedia-search_video-share,Pitch,
824394_22_4,2026-08-19,824394,R,22,4,4,Top,0,CLE,SF,"Messick, Parker",800048,642715,R,L,1,2,1-2,True,True,False,2,FF,Four-Seam Fastball,4-Seam Fastball,hit_into_play,field_out,X,popup,False,True,True,False,False,False,True,11,95.0,95.6,2263,6.6,1.13,53.95,5.38,0.4,1.36,-0.575504173,3.377195843,3.22351542,1.626820866,41.4,70.7,78.0,74.0,0.006,0.007,0.0,-0.21,70.5,7.4,False,0,0,0,0,True,https://www.mlb.com/video/parker-messick-in-play-out-s-to-willy-adames?partnerId=web_multimedia-search_video-share,Pitch,
824394_22_3,2026-08-19,824394,R,22,3,4,Top,0,CLE,SF,"Messick, Parker",800048,642715,R,L,0,2,0-2,True,True,False,2,FF,Four-Seam Fastball,4-Seam Fastball,ball,none,B,none,False,False,False,False,False,False,False,12,95.0,95.3,2071,6.4,1.09,54.13,5.42,0.27,1.25,0.942349871,3.911812271,3.22351542,1.626820866,42.3,,,,,,,0.023,,,False,0,0,0,0,True,https://www.mlb.com/video/parker-messick-ball-to-willy-adames-pvbive?partnerId=web_multimedia-search_video-share,Pitch,
824394_22_2,2026-08-19,824394,R,22,2,4,Top,0,CLE,SF,"Messick, Parker",800048,642715,R,L,0,1,0-1,True,False,False,2,FF,Four-Seam Fastball,4-Seam Fastball,foul,none,S,none,True,True,True,False,False,True,False,2,94.5,95.2,2149,6.7,1.05,53.81,5.35,0.42,1.34,-0.082769741,2.779663683,3.22351542,1.626820866,39.7,,,,,,,-0.063,75.1,7.5,False,0,0,0,0,True,https://www.mlb.com/video/parker-messick-foul-to-willy-adames?partnerId=web_multimedia-search_video-share,Pitch,
824394_22_1,2026-08-19,824394,R,22,1,4,Top,0,CLE,SF,"Messick, Parker",800048,642715,R,L,0,0,0-0,False,False,True,2,CH,Changeup,Changeup,foul,none,S,none,True,True,True,False,False,False,True,12,86.5,86.8,1890,6.3,1.4,54.18,5.39,1.21,0.16,0.834884565,2.52193486,3.22351542,1.626820866,38.1,52.7,-60.0,2.0,,,,-0.035,67.2,8.3,False,0,0,0,0,True,https://www.mlb.com/video/parker-messick-foul-to-willy-adames-q5h6kc?partnerId=web_multimedia-search_video-share,Pitch,
824394_21_4,2026-08-19,824394,R,21,4,4,Top,0,CLE,SF,"Messick, Parker",800048,646240,L,L,1,2,1-2,True,True,False,2,CH,Changeup,Changeup,hit_into_play,double,X,line_drive,False,True,True,False,False,False,True,14,85.3,85.5,1835,6.3,1.41,54.19,5.36,1.12,-0.1,0.846358249,1.540245837,3.217372047,1.623720472,38.7,98.1,19.0,338.0,0.323,0.38,1.25,0.78,72.0,7.5,True,0,0,0,0,True,https://www.mlb.com/video/parker-messick-in-play-no-out-to-rafael-devers?partnerId=web_multimedia-search_video-share,Pitch,
824394_21_3,2026-08-19,824394,R,21,3,4,Top,0,CLE,SF,"Messick, Parker",800048,646240,L,L,1,1,1-1,False,False,False,2,FF,Four-Seam Fastball,4-Seam Fastball,foul,none,S,none,True,True,True,False,False,True,False,6,94.6,95.1,2348,6.6,1.1,53.92,5.44,0.47,1.45,0.338604461,2.649096294,3.217372047,1.623720472,44.4,81.8,62.0,208.0,,,,-0.061,68.6,7.3,False,0,0,0,0,True,https://www.mlb.com/video/parker-messick-foul-to-rafael-devers?partnerId=web_multimedia-search_video-share,Pitch,
824394_21_2,2026-08-19,824394,R,21,2,4,Top,0,CLE,SF,"Messick, Parker",800048,646240,L,L,0,1,0-1,True,False,False,2,FF,Four-Seam Fastball,4-Seam Fastball,ball,none,B,none,False,False,False,False,False,False,False,11,92.8,93.3,2300,6.6,1.01,53.92,5.43,0.37,1.49,-1.48441294,3.209232906,3.217372047,1.623720472,44.4,,,,,,,0.029,,,False,0,0,0,0,True,https://www.mlb.com/video/parker-messick-ball-to-rafael-devers-rbwhm0?partnerId=web_multimedia-search_video-share,Pitch,
824394_21_1,2026-08-19,824394,R,21,1,4,Top,0,CLE,SF,"Messick, Parker",800048,646240,L,L,0,0,0-0,False,False,True,2,SL,Slider,Slider,called_strike,none,S,none,True,False,False,False,True,True,False,4,86.7,87.6,2425,6.6,1.02,53.9,5.52,-0.64,0.53,-0.687952571,2.165093799,3.217372047,1.623720472,45.0,,,,,,,-0.042,,,False,0,0,0,0,True,https://www.mlb.com/video/parker-messick-called-strike-to-rafael-devers?partnerId=web_multimedia-search_video-share,Pitch,
824394_17_3,2026-08-19,824394,R,17,3,3,Top,2,CLE,SF,"Messick, Parker",800048,813841,R,L,0,2,0-2,True,True,False,2,CH,Changeup,Changeup,swinging_strike,strikeout,S,none,True,True,False,True,True,False,True,14,87.0,86.9,1700,6.4,1.27,54.05,5.44,1.22,-0.03,1.133360888,0.720843923,3.29109252,1.660925197,42.2,,,,,0.0,0.0,-0.154,56.8,7.7,False,0,0,0,0,True,https://www.mlb.com/video/jonah-cox-strikes-out-swinging-wibffx?partnerId=web_multimedia-search_video-share,Pitch,
824394_17_2,2026-08-19,824394,R,17,2,3,Top,2,CLE,SF,"Messick, Parker",800048,813841,R,L,0,1,0-1,True,False,False,2,FF,Four-Seam Fastball,4-Seam Fastball,called_strike,none,S,none,True,False,False,False,True,True,False,6,95.1,95.8,2281,6.6,1.05,53.93,5.45,0.39,1.41,0.351320205,2.661483587,3.29109252,1.660925197,42.9,,,,,,,-0.061,,,False,0,0,0,0,True,https://www.mlb.com/video/parker-messick-called-strike-to-jonah-cox?partnerId=web_multimedia-search_video-share,Pitch,
824394_17_1,2026-08-19,824394,R,17,1,3,Top,2,CLE,SF,"Messick, Parker",800048,813841,R,L,0,0,0-0,False,False,True,2,FF,Four-Seam Fastball,4-Seam Fastball,foul,none,S,none,True,True,True,False,False,True,False,2,94.0,95.0,2316,6.7,1.26,53.78,5.4,0.39,1.3,-0.062807537,2.874294405,3.29109252,1.660925197,42.6,77.5,58.0,214.0,,,,-0.043,,,False,0,0,0,0,True,https://www.mlb.com/video/parker-messick-foul-to-jonah-cox-ak5lby?partnerId=web_multimedia-search_video-share,Pitch,
824394_16_3,2026-08-19,824394,R,16,3,3,Top,1,CLE,SF,"Messick, Parker",800048,683766,R,L,0,2,0-2,True,True,False,1,FF,Four-Seam Fastball,4-Seam Fastball,swinging_strike,strikeout,S,none,True,True,False,True,True,True,False,1,96.0,97.1,2264,6.6,0.96,53.86,5.37,0.46,1.49,-0.40871412,3.188201875,3.254232283,1.642322835,38.8,,,,,0.0,0.0,-0.163,66.5,5.5,False,0,0,0,0,True,https://www.mlb.com/video/christian-koss-strikes-out-swinging-ijinv4?partnerId=web_multimedia-search_video-share,Pitch,
824394_16_2,2026-08-19,824394,R,16,2,3,Top,1,CLE,SF,"Messick, Parker",800048,683766,R,L,0,1,0-1,True,False,False,1,FF,Four-Seam Fastball,4-Seam Fastball,foul,none,S,none,True,True,True,False,False,True,False,8,95.3,95.9,2207,6.6,1.13,53.91,5.35,0.63,1.31,-0.159322432,2.022189824,3.254232283,1.642322835,39.0,72.9,41.0,206.0,,,,-0.057,71.4,7.3,False,0,0,0,0,True,https://www.mlb.com/video/parker-messick-foul-to-christian-koss?partnerId=web_multimedia-search_video-share,Pitch,
824394_16_1,2026-08-19,824394,R,16,1,3,Top,1,CLE,SF,"Messick, Parker",800048,683766,R,L,0,0,0-0,False,False,True,1,FF,Four-Seam Fastball,4-Seam Fastball,swinging_strike,none,S,none,True,True,False,True,True,True,False,9,94.4,95.6,2205,6.8,1.14,53.74,5.39,0.57,1.34,0.371424573,2.003600517,3.254232283,1.642322835,42.5,,,,,,,-0.041,73.6,7.3,False,0,0,0,0,True,https://www.mlb.com/video/parker-messick-swinging-strike-to-christian-koss?partnerId=web_multimedia-search_video-share,Pitch,
824394_15_2,2026-08-19,824394,R,15,2,3,Top,0,CLE,SF,"Messick, Parker",800048,701852,L,L,0,1,0-1,True,False,False,1,SL,Slider,Slider,hit_into_play,field_out,X,popup,False,True,True,False,False,True,False,7,86.6,87.7,2389,6.7,0.99,53.8,5.55,-0.54,0.47,-0.424419711,2.002033911,3.203330053,1.616633858,46.9,71.9,53.0,185.0,0.126,0.134,0.0,-0.217,69.0,7.2,False,0,0,0,0,True,https://www.mlb.com/video/parker-messick-in-play-out-s-to-drew-cavanaugh?partnerId=web_multimedia-search_video-share,Pitch,
824394_15_1,2026-08-19,824394,R,15,1,3,Top,0,CLE,SF,"Messick, Parker",800048,701852,L,L,0,0,0-0,False,False,True,1,FF,Four-Seam Fastball,4-Seam Fastball,foul,none,S,none,True,True,True,False,False,True,False,5,93.2,93.9,2262,6.6,0.96,53.95,5.49,0.6,1.44,-0.154901671,2.639755715,3.203330053,1.616633858,42.8,73.6,45.0,223.0,,,,-0.042,68.7,6.5,False,0,0,0,0,True,https://www.mlb.com/video/parker-messick-foul-to-drew-cavanaugh?partnerId=web_multimedia-search_video-share,Pitch,
824394_10_5,2026-08-19,824394,R,10,5,2,Top,2,CLE,SF,"Messick, Parker",800048,678545,R,L,2,2,2-2,False,True,False,1,FF,Four-Seam Fastball,4-Seam Fastball,swinging_strike,strikeout,S,none,True,True,False,True,True,False,True,12,95.5,96.6,2302,6.7,0.93,53.76,5.41,0.56,1.43,0.532812442,3.333159354,3.18402231,1.606889764,39.8,,,,,0.0,0.0,-0.22,74.5,6.7,False,0,0,0,0,True,https://www.mlb.com/video/osleivis-basabe-strikes-out-swinging-j0yw3e?partnerId=web_multimedia-search_video-share,Pitch,
824394_10_4,2026-08-19,824394,R,10,4,2,Top,2,CLE,SF,"Messick, Parker",800048,678545,R,L,1,2,1-2,True,True,False,1,FF,Four-Seam Fastball,4-Seam Fastball,ball,none,B,none,False,False,False,False,False,False,False,14,96.3,97.1,2311,6.6,1.08,53.86,5.37,0.72,1.48,1.019832284,2.233367001,3.18402231,1.606889764,37.9,,,,,,,0.041,,,False,0,0,0,0,True,https://www.mlb.com/video/parker-messick-ball-to-osleivis-basabe-rq7nma?partnerId=web_multimedia-search_video-share,Pitch,
824394_10_3,2026-08-19,824394,R,10,3,2,Top,2,CLE,SF,"Messick, Parker",800048,678545,R,L,1,1,1-1,False,False,False,1,FF,Four-Seam Fastball,4-Seam Fastball,swinging_strike,none,S,none,True,True,False,True,True,True,False,1,95.8,96.6,2315,6.6,1.03,53.91,5.36,0.52,1.5,-0.369111446,2.934109919,3.18402231,1.606889764,38.7,,,,,,,-0.065,73.0,6.1,False,0,0,0,0,True,https://www.mlb.com/video/parker-messick-swinging-strike-to-osleivis-basabe?partnerId=web_multimedia-search_video-share,Pitch,
824394_10_2,2026-08-19,824394,R,10,2,2,Top,2,CLE,SF,"Messick, Parker",800048,678545,R,L,1,0,1-0,False,False,False,1,FF,Four-Seam Fastball,4-Seam Fastball,foul,none,S,none,True,True,True,False,False,True,False,5,94.7,95.4,2249,6.7,1.0,53.85,5.38,0.52,1.3,0.069128206,2.233660557,3.18402231,1.606889764,41.9,70.1,68.0,149.0,,,,-0.054,75.6,7.5,False,0,0,0,0,True,https://www.mlb.com/video/parker-messick-foul-to-osleivis-basabe?partnerId=web_multimedia-search_video-share,Pitch,
824394_10_1,2026-08-19,824394,R,10,1,2,Top,2,CLE,SF,"Messick, Parker",800048,678545,R,L,0,0,0-0,False,False,True,1,SL,Slider,Slider,ball,none,B,none,False,False,False,False,False,False,False,12,86.4,87.0,2406,6.5,0.97,54.04,5.49,-0.49,0.39,1.371377757,3.818837777,3.18402231,1.606889764,44.0,,,,,,,0.04,,,False,0,0,0,0,True,https://www.mlb.com/video/parker-messick-ball-to-osleivis-basabe?partnerId=web_multimedia-search_video-share,Pitch,
824394_9_3,2026-08-19,824394,R,9,3,2,Top,1,CLE,SF,"Messick, Parker",800048,808982,L,L,0,2,0-2,True,True,False,1,FF,Four-Seam Fastball,4-Seam Fastball,hit_into_play,field_out,X,fly_ball,False,True,True,False,False,False,True,11,95.6,96.0,2348,6.5,0.92,53.99,5.39,0.54,1.39,-0.044006968,3.613303124,3.22351542,1.626820866,44.9,86.4,31.0,287.0,0.031,0.044,0.0,-0.163,61.8,6.6,False,0,0,0,0,True,https://www.mlb.com/video/parker-messick-in-play-out-s-to-jung-hoo-lee?partnerId=web_multimedia-search_video-share,Pitch,
824394_9_2,2026-08-19,824394,R,9,2,2,Top,1,CLE,SF,"Messick, Parker",800048,808982,L,L,0,1,0-1,True,False,False,1,FF,Four-Seam Fastball,4-Seam Fastball,called_strike,none,S,none,True,False,False,False,True,True,False,4,95.5,96.1,2212,6.7,0.98,53.8,5.42,0.53,1.45,-0.518492366,2.588280381,3.22351542,1.626820866,42.2,,,,,,,-0.057,,,False,0,0,0,0,True,https://www.mlb.com/video/parker-messick-called-strike-to-jung-hoo-lee-gsslg0?partnerId=web_multimedia-search_video-share,Pitch,
824394_9_1,2026-08-19,824394,R,9,1,2,Top,1,CLE,SF,"Messick, Parker",800048,808982,L,L,0,0,0-0,False,False,True,1,FF,Four-Seam Fastball,4-Seam Fastball,called_strike,none,S,none,True,False,False,False,True,True,False,2,94.1,94.6,2267,6.6,1.06,53.87,5.44,0.5,1.42,0.018201733,3.174668371,3.22351542,1.626820866,42.9,,,,,,,-0.041,,,False,0,0,0,0,True,https://www.mlb.com/video/parker-messick-called-strike-to-jung-hoo-lee?partnerId=web_multimedia-search_video-share,Pitch,
824394_8_5,2026-08-19,824394,R,8,5,2,Top,0,CLE,SF,"Messick, Parker",800048,682674,R,L,2,2,2-2,False,True,False,1,FF,Four-Seam Fastball,4-Seam Fastball,swinging_strike,strikeout,S,none,True,True,False,True,True,False,True,11,94.9,95.6,2253,6.7,0.89,53.84,5.45,0.41,1.31,-0.365781087,3.930178626,3.255987533,1.643208661,40.8,,,,,0.0,0.0,-0.232,63.4,5.1,False,0,0,0,0,True,https://www.mlb.com/video/parker-messick-swinging-strike-to-victor-bericoto-bkn7f9?partnerId=web_multimedia-search_video-share,Pitch,
824394_8_4,2026-08-19,824394,R,8,4,2,Top,0,CLE,SF,"Messick, Parker",800048,682674,R,L,1,2,1-2,True,True,False,1,CH,Changeup,Changeup,ball,none,B,none,False,False,False,False,False,False,False,14,85.7,85.8,1802,6.3,1.23,54.25,5.43,1.24,0.21,1.832251209,2.246005094,3.255987533,1.643208661,37.0,,,,,,,0.047,,,False,0,0,0,0,True,https://www.mlb.com/video/parker-messick-ball-to-victor-bericoto-dv5lne?partnerId=web_multimedia-search_video-share,Pitch,
824394_8_3,2026-08-19,824394,R,8,3,2,Top,0,CLE,SF,"Messick, Parker",800048,682674,R,L,1,1,1-1,False,False,False,1,FF,Four-Seam Fastball,4-Seam Fastball,called_strike,none,S,none,True,False,False,False,True,False,False,14,94.3,94.8,2300,6.5,1.01,53.96,5.51,0.56,1.44,0.884066652,1.896876774,3.255987533,1.643208661,44.1,,,,,,,-0.061,,,False,0,0,0,0,True,https://www.mlb.com/video/parker-messick-called-strike-to-victor-bericoto-z2czjo?partnerId=web_multimedia-search_video-share,Pitch,
824394_8_2,2026-08-19,824394,R,8,2,2,Top,0,CLE,SF,"Messick, Parker",800048,682674,R,L,1,0,1-0,False,False,False,1,CU,Curveball,Curveball,called_strike,none,S,none,True,False,False,False,True,True,False,5,79.9,79.8,2409,6.5,1.1,53.99,5.5,-1.57,-0.43,-0.266085427,2.249101928,3.255987533,1.643208661,44.0,,,,,,,-0.056,,,False,0,0,0,0,True,https://www.mlb.com/video/parker-messick-called-strike-to-victor-bericoto-rbhwr5?partnerId=web_multimedia-search_video-share,Pitch,
824394_8_1,2026-08-19,824394,R,8,1,2,Top,0,CLE,SF,"Messick, Parker",800048,682674,R,L,0,0,0-0,False,False,True,1,FF,Four-Seam Fastball,4-Seam Fastball,ball,none,B,none,False,False,False,False,False,False,False,12,93.3,94.2,2156,6.7,0.97,53.82,5.5,0.42,1.44,1.012181273,3.598999173,3.255987533,1.643208661,42.3,,,,,,,0.044,,,False,0,0,0,0,True,https://www.mlb.com/video/parker-messick-ball-to-victor-bericoto?partnerId=web_multimedia-search_video-share,Pitch,
824394_4_7,2026-08-19,824394,R,4,7,1,Top,2,CLE,SF,"Messick, Parker",800048,805811,L,L,3,2,3-2,False,True,False,1,FF,Four-Seam Fastball,4-Seam Fastball,hit_into_play,field_out,X,ground_ball,False,True,True,False,False,True,False,4,96.1,97.5,2269,6.7,0.88,53.77,5.4,0.36,1.12,-0.529628448,2.682884563,3.541215551,1.787155512,47.2,86.4,-33.0,4.0,0.047,0.042,0.0,-0.326,71.9,7.0,False,0,0,0,0,True,https://www.mlb.com/video/parker-messick-in-play-out-s-to-bryce-eldridge?partnerId=web_multimedia-search_video-share,Pitch,
824394_4_6,2026-08-19,824394,R,4,6,1,Top,2,CLE,SF,"Messick, Parker",800048,805811,L,L,2,2,2-2,False,True,False,1,SI,Sinker,Sinker,ball,none,B,none,False,False,False,False,False,False,False,13,93.5,94.2,2173,6.7,1.07,53.83,5.37,1.27,0.73,-0.960187113,1.368530271,3.541215551,1.787155512,41.4,,,,,,,0.081,,,False,0,0,0,0,True,https://www.mlb.com/video/parker-messick-ball-to-bryce-eldridge-uvt0ia?partnerId=web_multimedia-search_video-share,Pitch,
824394_4_5,2026-08-19,824394,R,4,5,1,Top,2,CLE,SF,"Messick, Parker",800048,805811,L,L,1,2,1-2,True,True,False,1,SL,Slider,Slider,ball,none,B,none,False,False,False,False,False,False,False,13,87.8,88.8,2362,6.7,1.14,53.78,5.49,-0.06,0.69,-1.10975891,1.695737197,3.541215551,1.787155512,41.4,,,,,,,0.05,,,False,0,0,0,0,True,https://www.mlb.com/video/parker-messick-ball-to-bryce-eldridge-gi8t6c?partnerId=web_multimedia-search_video-share,Pitch,
824394_4_4,2026-08-19,824394,R,4,4,1,Top,2,CLE,SF,"Messick, Parker",800048,805811,L,L,1,2,1-2,True,True,False,1,FF,Four-Seam Fastball,4-Seam Fastball,foul,none,S,none,True,True,True,False,False,True,False,5,96.1,97.1,2259,6.6,0.92,53.9,5.45,0.53,1.21,-0.245183718,2.675531701,3.541215551,1.787155512,43.0,,,,,,,0.0,69.3,6.0,False,0,0,0,0,True,https://www.mlb.com/video/parker-messick-foul-to-bryce-eldridge-vnm6uo?partnerId=web_multimedia-search_video-share,Pitch,
824394_4_3,2026-08-19,824394,R,4,3,1,Top,2,CLE,SF,"Messick, Parker",800048,805811,L,L,1,1,1-1,False,False,False,1,FF,Four-Seam Fastball,4-Seam Fastball,swinging_strike,none,S,none,True,True,False,True,True,True,False,5,94.6,95.8,2181,6.6,0.93,53.89,5.49,0.62,1.3,0.258554506,2.907179565,3.541215551,1.787155512,47.4,,,,,,,-0.066,76.6,6.8,False,0,0,0,0,True,https://www.mlb.com/video/parker-messick-swinging-strike-to-bryce-eldridge-2sp46w?partnerId=web_multimedia-search_video-share,Pitch,
824394_4_2,2026-08-19,824394,R,4,2,1,Top,2,CLE,SF,"Messick, Parker",800048,805811,L,L,0,1,0-1,True,False,False,1,SL,Slider,Slider,ball,none,B,none,False,False,False,False,False,False,False,13,86.9,87.8,2399,6.7,1.07,53.78,5.46,-0.38,0.52,-0.569258691,1.24092161,3.541215551,1.787155512,44.6,,,,,,,0.026,,,False,0,0,0,0,True,https://www.mlb.com/video/parker-messick-ball-to-bryce-eldridge-hiulxs?partnerId=web_multimedia-search_video-share,Pitch,
824394_4_1,2026-08-19,824394,R,4,1,1,Top,2,CLE,SF,"Messick, Parker",800048,805811,L,L,0,0,0-0,False,False,True,1,SI,Sinker,Sinker,foul,none,S,none,True,True,True,False,False,True,False,9,93.7,94.4,2017,6.6,1.05,53.89,5.46,1.24,0.92,0.385250231,2.103284538,3.541215551,1.787155512,44.1,97.0,-29.0,4.0,,,,-0.04,78.0,7.6,True,0,0,0,0,True,https://www.mlb.com/video/parker-messick-foul-to-bryce-eldridge?partnerId=web_multimedia-search_video-share,Pitch,
824394_3_4,2026-08-19,824394,R,3,4,1,Top,2,CLE,SF,"Messick, Parker",800048,642715,R,L,2,1,2-1,False,False,False,1,FF,Four-Seam Fastball,4-Seam Fastball,hit_into_play,single,X,line_drive,False,True,True,False,False,True,False,5,96.1,96.9,2143,6.6,0.89,53.87,5.42,0.42,1.33,0.241816581,2.192460047,3.22351542,1.626820866,40.5,96.3,13.0,194.0,0.957,0.907,0.9,0.291,77.8,8.8,True,0,0,0,0,True,https://www.mlb.com/video/willy-adames-singles-on-a-line-drive-to-left-fielder-steven-kwan?partnerId=web_multimedia-search_video-share,Pitch,
824394_3_3,2026-08-19,824394,R,3,3,1,Top,2,CLE,SF,"Messick, Parker",800048,642715,R,L,1,1,1-1,False,False,False,1,CH,Changeup,Changeup,ball,none,B,none,False,False,False,False,False,False,False,13,86.0,86.1,1855,6.4,1.13,54.1,5.32,1.18,0.29,-1.230927115,0.219765556,3.22351542,1.626820866,40.8,,,,,,,0.055,,,False,0,0,0,0,True,https://www.mlb.com/video/parker-messick-ball-to-willy-adames-0pgdnk?partnerId=web_multimedia-search_video-share,Pitch,
824394_3_2,2026-08-19,824394,R,3,2,1,Top,2,CLE,SF,"Messick, Parker",800048,642715,R,L,0,1,0-1,True,False,False,1,SL,Slider,Slider,ball,none,B,none,False,False,False,False,False,False,False,14,88.5,89.7,2590,6.8,1.18,53.73,5.51,-0.4,0.69,0.517463635,1.311136407,3.22351542,1.626820866,42.2,,,,,,,0.03,,,False,0,0,0,0,True,https://www.mlb.com/video/parker-messick-ball-to-willy-adames?partnerId=web_multimedia-search_video-share,Pitch,
824394_3_1,2026-08-19,824394,R,3,1,1,Top,2,CLE,SF,"Messick, Parker",800048,642715,R,L,0,0,0-0,False,False,True,1,FF,Four-Seam Fastball,4-Seam Fastball,called_strike,none,S,none,True,False,False,False,True,True,False,4,95.6,97.1,2226,7.0,0.92,53.53,5.46,0.3,1.36,-0.48353919,2.236375636,3.22351542,1.626820866,45.5,,,,,,,-0.043,,,False,0,0,0,0,True,https://www.mlb.com/video/parker-messick-called-strike-to-willy-adames?partnerId=web_multimedia-search_video-share,Pitch,
824394_2_4,2026-08-19,824394,R,2,4,1,Top,1,CLE,SF,"Messick, Parker",800048,646240,L,L,2,1,2-1,False,False,False,1,SI,Sinker,Sinker,hit_into_play,field_out,X,ground_ball,False,True,True,False,False,True,False,6,94.2,95.4,2084,6.8,1.1,53.69,5.38,0.96,0.78,0.54772735,2.185185663,3.217372047,1.623720472,41.1,89.6,-3.0,25.0,0.263,0.243,0.0,-0.311,74.1,7.4,False,0,0,0,0,True,https://www.mlb.com/video/rafael-devers-grounds-out-second-baseman-travis-bazzana-to-first-baseman-?partnerId=web_multimedia-search_video-share,Pitch,
824394_2_3,2026-08-19,824394,R,2,3,1,Top,1,CLE,SF,"Messick, Parker",800048,646240,L,L,1,1,1-1,False,False,False,1,FF,Four-Seam Fastball,4-Seam Fastball,ball,none,B,none,False,False,False,False,False,False,False,13,96.2,97.4,2224,6.9,1.04,53.55,5.38,0.35,1.33,-1.597454418,1.652580715,3.217372047,1.623720472,40.8,,,,,,,0.057,,,False,0,0,0,0,True,https://www.mlb.com/video/parker-messick-ball-to-rafael-devers-pvlwuj?partnerId=web_multimedia-search_video-share,Pitch,
824394_2_2,2026-08-19,824394,R,2,2,1,Top,1,CLE,SF,"Messick, Parker",800048,646240,L,L,0,1,0-1,True,False,False,1,SL,Slider,Slider,ball,none,B,none,False,False,False,False,False,False,False,13,87.7,88.7,2475,6.7,0.86,53.81,5.5,-0.57,0.37,-1.511170885,1.738798684,3.217372047,1.623720472,46.0,,,,,,,0.033,,,False,0,0,0,0,True,https://www.mlb.com/video/parker-messick-ball-to-rafael-devers?partnerId=web_multimedia-search_video-share,Pitch,
824394_2_1,2026-08-19,824394,R,2,1,1,Top,1,CLE,SF,"Messick, Parker",800048,646240,L,L,0,0,0-0,False,False,True,1,FF,Four-Seam Fastball,4-Seam Fastball,swinging_strike,none,S,none,True,True,False,True,True,True,False,3,95.3,96.4,2118,6.6,1.14,53.86,5.48,0.33,1.29,0.785016259,3.033033015,3.217372047,1.623720472,45.4,,,,,,,-0.041,72.6,7.3,False,0,0,0,0,True,https://www.mlb.com/video/parker-messick-swinging-strike-to-rafael-devers?partnerId=web_multimedia-search_video-share,Pitch,
824394_1_5,2026-08-19,824394,R,1,5,1,Top,0,CLE,SF,"Messick, Parker",800048,813841,R,L,2,2,2-2,False,True,False,1,FF,Four-Seam Fastball,4-Seam Fastball,swinging_strike,strikeout,S,none,True,True,False,True,True,True,False,6,96.7,97.8,2117,6.6,1.01,53.88,5.42,0.36,1.17,0.766898205,2.360263797,3.29109252,1.660925197,45.9,,,,,0.0,0.0,-0.232,71.2,6.5,False,0,0,0,0,True,https://www.mlb.com/video/jonah-cox-strikes-out-swinging-fraofy?partnerId=web_multimedia-search_video-share,Pitch,
824394_1_4,2026-08-19,824394,R,1,4,1,Top,0,CLE,SF,"Messick, Parker",800048,813841,R,L,1,2,1-2,True,True,False,1,CH,Changeup,Changeup,ball,none,B,none,False,False,False,False,False,False,False,13,86.3,86.4,1876,6.5,1.02,54.02,5.42,1.17,0.18,-0.735011075,0.057617109,3.29109252,1.660925197,36.9,,,,,,,0.047,,,False,0,0,0,0,True,https://www.mlb.com/video/parker-messick-ball-to-jonah-cox-arj6gv?partnerId=web_multimedia-search_video-share,Pitch,
824394_1_3,2026-08-19,824394,R,1,3,1,Top,0,CLE,SF,"Messick, Parker",800048,813841,R,L,1,1,1-1,False,False,False,1,FF,Four-Seam Fastball,4-Seam Fastball,foul,none,S,none,True,True,True,False,False,True,False,2,94.9,95.9,2183,6.6,0.94,53.87,5.5,0.45,1.22,-0.080058792,2.992158422,3.29109252,1.660925197,44.0,92.3,47.0,295.0,,,,-0.061,67.5,5.8,False,0,0,0,0,True,https://www.mlb.com/video/parker-messick-foul-to-jonah-cox?partnerId=web_multimedia-search_video-share,Pitch,
824394_1_2,2026-08-19,824394,R,1,2,1,Top,0,CLE,SF,"Messick, Parker",800048,813841,R,L,1,0,1-0,False,False,False,1,FF,Four-Seam Fastball,4-Seam Fastball,foul_tip,none,S,none,True,True,True,False,False,True,False,4,94.4,95.2,2201,6.8,0.87,53.7,5.5,0.28,1.61,-0.499752192,2.782508515,3.29109252,1.660925197,47.5,,,,,,,-0.056,70.1,6.3,False,0,0,0,0,True,https://www.mlb.com/video/parker-messick-foul-tip-to-jonah-cox?partnerId=web_multimedia-search_video-share,Pitch,
824394_1_1,2026-08-19,824394,R,1,1,1,Top,0,CLE,SF,"Messick, Parker",800048,813841,R,L,0,0,0-0,False,False,True,1,FF,Four-Seam Fastball,4-Seam Fastball,ball,none,B,none,False,False,False,False,False,False,False,12,94.3,94.5,2165,6.5,0.96,53.97,5.5,0.32,1.61,0.821104358,4.201035884,3.29109252,1.660925197,43.5,,,,,,,0.044,,,False,0,0,0,0,True,https://www.mlb.com/video/parker-messick-ball-to-jonah-cox?partnerId=web_multimedia-search_video-share,Pitch,
824238_45_7,2026-08-13,824238,R,45,7,6,Bot,2,DET,CLE,"Messick, Parker",800048,679529,R,L,3,2,3-2,False,True,False,3,FF,Four-Seam Fastball,4-Seam Fastball,ball,walk,B,none,False,False,False,False,False,False,False,13,97.1,97.6,2320,6.7,0.87,53.78,5.21,0.57,1.33,-1.128410934,1.44443082,3.232291667,1.63125,44.1,,,,,0.698089,0.7,0.294,,,False,2,0,2,0,True,https://www.mlb.com/video/spencer-torkelson-walks-eszfe6?partnerId=web_multimedia-search_video-share,Pitch,
824238_45_6,2026-08-13,824238,R,45,6,6,Bot,2,DET,CLE,"Messick, Parker",800048,679529,R,L,2,2,2-2,False,True,False,3,FF,Four-Seam Fastball,4-Seam Fastball,ball,none,B,none,False,False,False,False,False,False,False,11,97.0,97.6,2253,6.6,0.97,53.93,5.23,0.4,1.44,-0.67803308,4.174723385,3.232291667,1.63125,48.4,,,,,,,0.081,,,False,2,0,2,0,True,https://www.mlb.com/video/parker-messick-ball-to-spencer-torkelson-rgluyc?partnerId=web_multimedia-search_video-share,Pitch,
824238_45_5,2026-08-13,824238,R,45,5,6,Bot,2,DET,CLE,"Messick, Parker",800048,679529,R,L,2,2,2-2,False,True,False,3,FF,Four-Seam Fastball,4-Seam Fastball,foul,none,S,none,True,True,True,False,False,True,False,3,96.7,97.5,2298,6.6,1.06,53.94,5.23,0.26,1.17,0.341009322,3.279537068,3.232291667,1.63125,38.8,85.5,9.0,138.0,,,,0.0,67.5,6.1,False,2,0,2,0,True,https://www.mlb.com/video/parker-messick-foul-to-spencer-torkelson-kohnbd?partnerId=web_multimedia-search_video-share,Pitch,
824238_45_4,2026-08-13,824238,R,45,4,6,Bot,2,DET,CLE,"Messick, Parker",800048,679529,R,L,2,1,2-1,False,False,False,3,SI,Sinker,Sinker,called_strike,none,S,none,True,False,False,False,True,True,False,7,95.1,95.9,2279,6.7,1.05,53.85,5.16,1.21,1.0,-0.449085104,1.89350281,3.232291667,1.63125,42.6,,,,,,,-0.079,,,False,2,0,2,0,True,https://www.mlb.com/video/parker-messick-called-strike-to-spencer-torkelson-oxyupr?partnerId=web_multimedia-search_video-share,Pitch,
824238_45_3,2026-08-13,824238,R,45,3,6,Bot,2,DET,CLE,"Messick, Parker",800048,679529,R,L,1,1,1-1,False,False,False,3,CH,Changeup,Changeup,ball,none,B,none,False,False,False,False,False,False,False,14,86.1,86.7,1863,6.4,1.37,54.08,5.19,1.23,0.07,1.509376485,1.287769532,3.232291667,1.63125,38.1,,,,,,,0.055,,,False,2,0,2,0,True,https://www.mlb.com/video/parker-messick-ball-to-spencer-torkelson-zdmuoc?partnerId=web_multimedia-search_video-share,Pitch,
824238_45_2,2026-08-13,824238,R,45,2,6,Bot,2,DET,CLE,"Messick, Parker",800048,679529,R,L,1,0,1-0,False,False,False,3,CH,Changeup,Changeup,foul,none,S,none,True,True,True,False,False,True,False,6,87.1,87.5,1981,6.4,1.25,54.14,5.19,1.2,0.34,0.464992452,2.337506572,3.232291667,1.63125,35.6,29.8,5.0,14.0,,,,-0.054,68.1,8.2,False,2,0,2,0,True,https://www.mlb.com/video/parker-messick-foul-to-spencer-torkelson-kk4lta?partnerId=web_multimedia-search_video-share,Pitch,
824238_45_1,2026-08-13,824238,R,45,1,6,Bot,2,DET,CLE,"Messick, Parker",800048,679529,R,L,0,0,0-0,False,False,True,3,SI,Sinker,Sinker,ball,none,B,none,False,False,False,False,False,False,False,14,94.7,95.5,2212,6.6,1.02,53.86,5.22,1.21,0.73,1.007441811,1.267049588,3.232291667,1.63125,39.9,,,,,,,0.04,,,False,2,0,2,0,True,https://www.mlb.com/video/parker-messick-ball-to-spencer-torkelson-wlnovg?partnerId=web_multimedia-search_video-share,Pitch,
824238_44_5,2026-08-13,824238,R,44,5,6,Bot,2,DET,CLE,"Messick, Parker",800048,680664,R,L,2,2,2-2,False,True,False,3,CU,Curveball,Curveball,hit_into_play,home_run,X,fly_ball,False,True,True,False,False,True,False,8,81.2,82.0,2475,6.6,1.14,53.94,5.26,-1.47,-0.21,0.107675829,1.816941287,3.256865158,1.643651575,44.9,100.3,33.0,389.0,0.377,0.729,2.0,2.633,77.2,8.8,True,1,0,1,0,True,https://www.mlb.com/video/parker-messick-in-play-run-s-to-eduardo-valencia-gnzatc?partnerId=web_multimedia-search_video-share,Pitch,
824238_44_4,2026-08-13,824238,R,44,4,6,Bot,2,DET,CLE,"Messick, Parker",800048,680664,R,L,1,2,1-2,True,True,False,3,FF,Four-Seam Fastball,4-Seam Fastball,ball,none,B,none,False,False,False,False,False,False,False,14,97.6,98.4,2341,6.6,0.92,53.89,5.29,0.4,1.45,0.485179254,1.420260682,3.256865158,1.643651575,42.0,,,,,,,0.041,,,False,1,0,1,0,True,https://www.mlb.com/video/parker-messick-ball-to-eduardo-valencia-wcwd4d?partnerId=web_multimedia-search_video-share,Pitch,
824238_44_3,2026-08-13,824238,R,44,3,6,Bot,2,DET,CLE,"Messick, Parker",800048,680664,R,L,0,2,0-2,True,True,False,3,CH,Changeup,Changeup,ball,none,B,none,False,False,False,False,False,False,False,14,85.9,86.4,2021,6.4,1.29,54.15,5.24,1.06,0.05,1.241445488,1.304886426,3.256865158,1.643651575,36.7,,,,,,,0.026,,,False,1,0,1,0,True,https://www.mlb.com/video/parker-messick-ball-to-eduardo-valencia-rkqh0a?partnerId=web_multimedia-search_video-share,Pitch,
824238_44_2,2026-08-13,824238,R,44,2,6,Bot,2,DET,CLE,"Messick, Parker",800048,680664,R,L,0,1,0-1,True,False,False,3,CU,Curveball,Curveball,called_strike,none,S,none,True,False,False,False,True,True,False,9,80.3,81.2,2428,6.4,1.08,54.05,5.38,-1.22,-0.54,0.813562956,1.813575338,3.256865158,1.643651575,50.2,,,,,,,-0.061,,,False,1,0,1,0,True,https://www.mlb.com/video/parker-messick-called-strike-to-eduardo-valencia-dpimlp?partnerId=web_multimedia-search_video-share,Pitch,
824238_44_1,2026-08-13,824238,R,44,1,6,Bot,2,DET,CLE,"Messick, Parker",800048,680664,R,L,0,0,0-0,False,False,True,3,CH,Changeup,Changeup,foul,none,S,none,True,True,True,False,False,False,True,13,86.3,86.9,1825,6.4,1.22,54.09,5.16,0.99,0.07,-0.389188772,1.521723875,3.256865158,1.643651575,33.5,94.2,10.0,164.0,,,,-0.043,80.4,8.7,False,1,0,1,0,True,https://www.mlb.com/video/parker-messick-foul-to-eduardo-valencia-aravim?partnerId=web_multimedia-search_video-share,Pitch,
824238_43_4,2026-08-13,824238,R,43,4,6,Bot,1,DET,CLE,"Messick, Parker",800048,805808,L,L,1,2,1-2,True,True,False,3,SI,Sinker,Sinker,hit_into_play,field_out,X,ground_ball,False,True,True,False,False,False,True,13,95.2,96.0,2187,6.7,1.02,53.83,5.23,1.0,0.8,-0.42397446,1.429580918,3.085728346,1.557283465,40.4,98.8,-16.0,5.0,0.162,0.146,0.0,-0.182,71.9,7.2,True,1,0,1,0,True,https://www.mlb.com/video/kevin-mcgonigle-grounds-out-second-baseman-travis-bazzana-to-first-basema-7bo7rq?partnerId=web_multimedia-search_video-share,Pitch,
824238_43_3,2026-08-13,824238,R,43,3,6,Bot,1,DET,CLE,"Messick, Parker",800048,805808,L,L,0,2,0-2,True,True,False,3,FF,Four-Seam Fastball,4-Seam Fastball,ball,none,B,none,False,False,False,False,False,False,False,11,96.1,96.6,2357,6.7,1.01,53.84,5.25,0.36,1.38,-0.967495456,3.14415276,3.085728346,1.557283465,39.8,,,,,,,0.019,,,False,1,0,1,0,True,https://www.mlb.com/video/parker-messick-ball-to-kevin-mcgonigle-u44rwa?partnerId=web_multimedia-search_video-share,Pitch,
824238_43_2,2026-08-13,824238,R,43,2,6,Bot,1,DET,CLE,"Messick, Parker",800048,805808,L,L,0,1,0-1,True,False,False,3,SL,Slider,Slider,foul,none,S,none,True,True,True,False,False,False,True,13,88.0,89.0,2420,6.7,0.91,53.83,5.33,-0.35,0.38,-0.974305801,1.871033455,3.085728346,1.557283465,46.3,73.2,48.0,213.0,,,,-0.057,65.1,7.6,False,1,0,1,0,True,https://www.mlb.com/video/parker-messick-foul-to-kevin-mcgonigle-vwh076?partnerId=web_multimedia-search_video-share,Pitch,
824238_43_1,2026-08-13,824238,R,43,1,6,Bot,1,DET,CLE,"Messick, Parker",800048,805808,L,L,0,0,0-0,False,False,True,3,SI,Sinker,Sinker,foul,none,S,none,True,True,True,False,False,False,True,13,93.6,94.6,2004,6.7,1.04,53.83,5.23,0.93,0.73,-0.268204718,1.336983156,3.085728346,1.557283465,41.4,77.6,-45.0,1.0,,,,-0.041,68.6,7.3,False,1,0,1,0,True,https://www.mlb.com/video/parker-messick-foul-to-kevin-mcgonigle-a3zysp?partnerId=web_multimedia-search_video-share,Pitch,
824238_42_7,2026-08-13,824238,R,42,7,6,Bot,0,DET,CLE,"Messick, Parker",800048,693307,R,L,2,2,2-2,False,True,False,3,FF,Four-Seam Fastball,4-Seam Fastball,swinging_strike,strikeout,S,none,True,True,False,True,True,False,True,13,96.9,97.9,2267,6.7,0.88,53.75,5.19,0.53,1.35,-0.806418856,1.134848444,3.271784777,1.651181102,41.2,,,,,0.0,0.0,-0.232,51.5,6.3,False,1,0,1,0,True,https://www.mlb.com/video/dillon-dingler-strikes-out-swinging-j74jtk?partnerId=web_multimedia-search_video-share,Pitch,
824238_42_6,2026-08-13,824238,R,42,6,6,Bot,0,DET,CLE,"Messick, Parker",800048,693307,R,L,1,2,1-2,True,True,False,3,CH,Changeup,Changeup,ball,none,B,none,False,False,False,False,False,False,False,14,86.2,86.5,1872,6.2,1.24,54.3,5.27,1.07,0.11,1.532066494,2.312784574,3.271784777,1.651181102,39.9,,,,,,,0.047,,,False,1,0,1,0,True,https://www.mlb.com/video/parker-messick-ball-to-dillon-dingler-e2rnd8?partnerId=web_multimedia-search_video-share,Pitch,
824238_42_5,2026-08-13,824238,R,42,5,6,Bot,0,DET,CLE,"Messick, Parker",800048,693307,R,L,1,2,1-2,True,True,False,3,FF,Four-Seam Fastball,4-Seam Fastball,foul,none,S,none,True,True,True,False,False,True,False,2,96.2,96.5,2327,6.6,0.97,53.93,5.28,0.61,1.44,-0.032208638,3.012041904,3.271784777,1.651181102,44.5,76.2,21.0,202.0,,,,0.0,70.3,6.4,False,1,0,1,0,True,https://www.mlb.com/video/parker-messick-foul-to-dillon-dingler-eimh31?partnerId=web_multimedia-search_video-share,Pitch,
824238_42_4,2026-08-13,824238,R,42,4,6,Bot,0,DET,CLE,"Messick, Parker",800048,693307,R,L,1,2,1-2,True,True,False,3,FF,Four-Seam Fastball,4-Seam Fastball,foul,none,S,none,True,True,True,False,False,True,False,5,95.9,96.7,2283,6.7,0.95,53.82,5.24,0.52,1.43,-0.18653837,2.180185427,3.271784777,1.651181102,37.7,78.7,55.0,220.0,,,,0.0,72.9,7.1,False,1,0,1,0,True,https://www.mlb.com/video/parker-messick-foul-to-dillon-dingler-wnilu2?partnerId=web_multimedia-search_video-share,Pitch,
824238_42_3,2026-08-13,824238,R,42,3,6,Bot,0,DET,CLE,"Messick, Parker",800048,693307,R,L,1,1,1-1,False,False,False,3,FF,Four-Seam Fastball,4-Seam Fastball,foul_tip,none,S,none,True,True,True,False,False,True,False,3,94.5,95.1,2238,6.7,1.07,53.84,5.3,0.5,1.5,0.506883948,2.8264487,3.271784777,1.651181102,39.9,,,,,,,-0.061,72.4,7.3,False,1,0,1,0,True,https://www.mlb.com/video/parker-messick-foul-tip-to-dillon-dingler?partnerId=web_multimedia-search_video-share,Pitch,
824238_42_2,2026-08-13,824238,R,42,2,6,Bot,0,DET,CLE,"Messick, Parker",800048,693307,R,L,0,1,0-1,True,False,False,3,FF,Four-Seam Fastball,4-Seam Fastball,ball,none,B,none,False,False,False,False,False,False,False,12,93.4,93.8,2218,6.4,1.03,54.06,5.41,0.52,1.48,0.128118698,4.242622812,3.271784777,1.651181102,39.7,,,,,,,0.029,,,False,1,0,1,0,True,https://www.mlb.com/video/parker-messick-ball-to-dillon-dingler-fdnjz9?partnerId=web_multimedia-search_video-share,Pitch,
824238_42_1,2026-08-13,824238,R,42,1,6,Bot,0,DET,CLE,"Messick, Parker",800048,693307,R,L,0,0,0-0,False,False,True,3,SI,Sinker,Sinker,called_strike,none,S,none,True,False,False,False,True,True,False,1,91.9,92.6,2014,6.6,1.06,53.9,5.3,1.14,1.01,-0.377164401,3.047166728,3.271784777,1.651181102,38.4,,,,,,,-0.042,,,False,1,0,1,0,True,https://www.mlb.com/video/parker-messick-called-strike-to-dillon-dingler-eh00d5?partnerId=web_multimedia-search_video-share,Pitch,
824238_36_7,2026-08-13,824238,R,36,7,5,Bot,2,DET,CLE,"Messick, Parker",800048,650402,R,L,3,2,3-2,False,True,False,3,FF,Four-Seam Fastball,4-Seam Fastball,hit_into_play,field_out,X,ground_ball,False,True,True,False,False,True,False,7,96.6,98.0,2123,6.8,0.98,53.72,5.16,0.26,1.35,-0.295885784,1.773451791,3.12960958,1.579429134,42.0,103.6,5.0,91.0,0.583,0.543,0.0,-0.301,75.7,7.1,True,1,0,1,0,True,https://www.mlb.com/video/parker-messick-in-play-out-s-to-gleyber-torres?partnerId=web_multimedia-search_video-share,Pitch,
824238_36_6,2026-08-13,824238,R,36,6,5,Bot,2,DET,CLE,"Messick, Parker",800048,650402,R,L,2,2,2-2,False,True,False,3,CH,Changeup,Changeup,ball,none,B,none,False,False,False,False,False,False,False,13,88.1,88.5,1942,6.5,1.22,54.04,5.18,1.1,0.21,-0.374519236,-0.178844874,3.12960958,1.579429134,37.0,,,,,,,0.081,,,False,1,0,1,0,True,https://www.mlb.com/video/parker-messick-ball-to-gleyber-torres-vqoaao?partnerId=web_multimedia-search_video-share,Pitch,
824238_36_5,2026-08-13,824238,R,36,5,5,Bot,2,DET,CLE,"Messick, Parker",800048,650402,R,L,1,2,1-2,True,True,False,3,SL,Slider,Slider,ball,none,B,none,False,False,False,False,False,False,False,13,89.2,90.1,2385,6.8,1.18,53.71,5.22,-0.55,0.52,-0.589154459,0.144977201,3.12960958,1.579429134,47.5,,,,,,,0.041,,,False,1,0,1,0,True,https://www.mlb.com/video/parker-messick-ball-to-gleyber-torres-n5d0tj?partnerId=web_multimedia-search_video-share,Pitch,
824238_36_4,2026-08-13,824238,R,36,4,5,Bot,2,DET,CLE,"Messick, Parker",800048,650402,R,L,1,2,1-2,True,True,False,3,FF,Four-Seam Fastball,4-Seam Fastball,foul,none,S,none,True,True,True,False,False,True,False,5,95.7,96.7,2281,6.7,0.96,53.81,5.27,0.6,1.2,-0.097844854,2.291928665,3.12960958,1.579429134,40.7,77.7,33.0,249.0,,,,0.0,70.2,6.5,False,1,0,1,0,True,https://www.mlb.com/video/parker-messick-foul-to-gleyber-torres-ikyknj?partnerId=web_multimedia-search_video-share,Pitch,
824238_36_3,2026-08-13,824238,R,36,3,5,Bot,2,DET,CLE,"Messick, Parker",800048,650402,R,L,1,1,1-1,False,False,False,3,CU,Curveball,Curveball,called_strike,none,S,none,True,False,False,False,True,True,False,1,80.2,80.9,2361,6.5,1.15,54.02,5.36,-1.19,-0.28,-0.390055514,2.689342609,3.12960958,1.579429134,40.9,,,,,,,-0.065,,,False,1,0,1,0,True,https://www.mlb.com/video/parker-messick-called-strike-to-gleyber-torres-uejejx?partnerId=web_multimedia-search_video-share,Pitch,
824238_36_2,2026-08-13,824238,R,36,2,5,Bot,2,DET,CLE,"Messick, Parker",800048,650402,R,L,1,0,1-0,False,False,False,3,SI,Sinker,Sinker,called_strike,none,S,none,True,False,False,False,True,True,False,7,93.6,94.4,2212,6.5,1.15,53.96,5.25,1.19,0.84,-0.431581871,1.721216897,3.12960958,1.579429134,39.2,,,,,,,-0.054,,,False,1,0,1,0,True,https://www.mlb.com/video/parker-messick-called-strike-to-gleyber-torres-vhep9h?partnerId=web_multimedia-search_video-share,Pitch,
824238_36_1,2026-08-13,824238,R,36,1,5,Bot,2,DET,CLE,"Messick, Parker",800048,650402,R,L,0,0,0-0,False,False,True,3,FF,Four-Seam Fastball,4-Seam Fastball,ball,none,B,none,False,False,False,False,False,False,False,11,94.6,95.5,2292,6.7,1.09,53.82,5.27,0.42,1.31,-0.934403755,2.539470897,3.12960958,1.579429134,40.9,,,,,,,0.04,,,False,1,0,1,0,True,https://www.mlb.com/video/parker-messick-ball-to-gleyber-torres-pjszft?partnerId=web_multimedia-search_video-share,Pitch,
824238_35_2,2026-08-13,824238,R,35,2,5,Bot,1,DET,CLE,"Messick, Parker",800048,701162,R,L,1,0,1-0,False,False,False,2,FF,Four-Seam Fastball,4-Seam Fastball,hit_into_play,field_out,X,fly_ball,False,True,True,False,False,True,False,1,93.7,94.6,2277,6.7,0.96,53.83,5.26,0.49,1.32,-0.398275856,2.915624531,3.234924541,1.63257874,42.1,81.9,33.0,298.0,0.026,0.025,0.0,-0.303,70.0,6.1,False,1,0,1,0,True,https://www.mlb.com/video/parker-messick-in-play-out-s-to-ben-malgeri?partnerId=web_multimedia-search_video-share,Pitch,
824238_35_1,2026-08-13,824238,R,35,1,5,Bot,1,DET,CLE,"Messick, Parker",800048,701162,R,L,0,0,0-0,False,False,True,2,FF,Four-Seam Fastball,4-Seam Fastball,ball,none,B,none,False,False,False,False,False,True,False,4,94.4,95.2,2246,6.7,1.01,53.83,5.28,0.31,1.4,-0.79528078,2.169074863,3.234924541,1.63257874,41.1,,,,,,,0.042,,,False,1,0,1,0,True,https://www.mlb.com/video/parker-messick-ball-to-ben-malgeri-62axu0?partnerId=web_multimedia-search_video-share,Pitch,
824238_34_1,2026-08-13,824238,R,34,1,5,Bot,0,DET,CLE,"Messick, Parker",800048,595879,R,L,0,0,0-0,False,False,True,2,SI,Sinker,Sinker,hit_into_play,field_out,X,ground_ball,False,True,True,False,False,False,True,12,92.7,93.4,2112,6.5,1.02,53.96,5.29,1.03,0.92,0.85523661,2.452596594,3.175246063,1.60246063,42.6,73.1,-2.0,30.0,0.065,0.058,0.0,-0.259,76.1,8.7,False,1,0,1,0,True,https://www.mlb.com/video/parker-messick-in-play-out-s-to-javier-baez-05qkdj?partnerId=web_multimedia-search_video-share,Pitch,
824238_30_5,2026-08-13,824238,R,30,5,4,Bot,2,DET,CLE,"Messick, Parker",800048,703601,L,L,2,2,2-2,False,True,False,2,SI,Sinker,Sinker,hit_into_play,field_out,X,ground_ball,False,True,True,False,False,False,True,12,94.7,95.7,2113,6.6,0.98,53.93,5.27,1.14,0.83,0.983660968,2.765372024,3.179634186,1.604675197,38.1,44.3,-9.0,13.0,0.226,0.209,0.0,-0.22,74.4,6.7,False,1,0,1,0,True,https://www.mlb.com/video/parker-messick-in-play-out-s-to-max-clark-i50dk9?partnerId=web_multimedia-search_video-share,Pitch,
824238_30_4,2026-08-13,824238,R,30,4,4,Bot,2,DET,CLE,"Messick, Parker",800048,703601,L,L,1,2,1-2,True,True,False,2,CH,Changeup,Changeup,ball,none,B,none,False,False,False,False,False,False,False,14,88.2,88.6,1920,6.3,1.21,54.15,5.2,1.1,0.01,0.159456318,0.272131575,3.179634186,1.604675197,39.2,,,,,,,0.041,,,False,1,0,1,0,True,https://www.mlb.com/video/parker-messick-ball-to-max-clark-yhkebg?partnerId=web_multimedia-search_video-share,Pitch,
824238_30_3,2026-08-13,824238,R,30,3,4,Bot,2,DET,CLE,"Messick, Parker",800048,703601,L,L,1,1,1-1,False,False,False,2,FF,Four-Seam Fastball,4-Seam Fastball,foul,none,S,none,True,True,True,False,False,True,False,7,96.1,97.3,2319,6.7,0.94,53.82,5.24,0.48,1.33,-0.422219229,1.622756818,3.179634186,1.604675197,44.2,82.0,36.0,269.0,,,,-0.065,71.5,7.4,False,1,0,1,0,True,https://www.mlb.com/video/parker-messick-foul-to-max-clark-7e49gq?partnerId=web_multimedia-search_video-share,Pitch,
824238_30_2,2026-08-13,824238,R,30,2,4,Bot,2,DET,CLE,"Messick, Parker",800048,703601,L,L,1,0,1-0,False,False,False,2,SI,Sinker,Sinker,foul,none,S,none,True,True,True,False,False,True,False,8,94.4,95.3,2215,6.5,1.0,54.0,5.23,0.89,0.66,0.021749195,2.058292928,3.179634186,1.604675197,37.6,92.0,27.0,297.0,,,,-0.054,75.7,7.3,False,1,0,1,0,True,https://www.mlb.com/video/parker-messick-foul-to-max-clark-bufhr2?partnerId=web_multimedia-search_video-share,Pitch,
824238_30_1,2026-08-13,824238,R,30,1,4,Bot,2,DET,CLE,"Messick, Parker",800048,703601,L,L,0,0,0-0,False,False,True,2,FF,Four-Seam Fastball,4-Seam Fastball,ball,none,B,none,False,False,False,False,False,False,False,12,96.1,96.7,2333,6.5,1.02,53.96,5.3,0.44,1.37,0.197998692,3.857292387,3.179634186,1.604675197,41.1,,,,,,,0.04,,,False,1,0,1,0,True,https://www.mlb.com/video/parker-messick-ball-to-max-clark?partnerId=web_multimedia-search_video-share,Pitch,
824238_29_5,2026-08-13,824238,R,29,5,4,Bot,1,DET,CLE,"Messick, Parker",800048,701678,R,L,2,2,2-2,False,True,False,2,FF,Four-Seam Fastball,4-Seam Fastball,swinging_strike,strikeout,S,none,True,True,False,True,True,True,False,1,95.9,96.6,2283,6.6,0.93,53.92,5.22,0.61,1.3,-0.506712538,2.82675528,3.087483596,1.558169291,36.3,,,,,0.0,0.0,-0.234,70.0,6.1,False,1,0,1,0,True,https://www.mlb.com/video/parker-messick-swinging-strike-to-hao-yu-lee?partnerId=web_multimedia-search_video-share,Pitch,
824238_29_4,2026-08-13,824238,R,29,4,4,Bot,1,DET,CLE,"Messick, Parker",800048,701678,R,L,1,2,1-2,True,True,False,2,FF,Four-Seam Fastball,4-Seam Fastball,ball,none,B,none,False,False,False,False,False,False,False,12,96.1,96.8,2328,6.4,1.01,54.06,5.27,0.58,1.36,1.178503302,4.043876011,3.087483596,1.558169291,38.8,,,,,,,0.052,,,False,1,0,1,0,True,https://www.mlb.com/video/parker-messick-ball-to-hao-yu-lee-ahdhfn?partnerId=web_multimedia-search_video-share,Pitch,
824238_29_3,2026-08-13,824238,R,29,3,4,Bot,1,DET,CLE,"Messick, Parker",800048,701678,R,L,1,1,1-1,False,False,False,2,FF,Four-Seam Fastball,4-Seam Fastball,called_strike,none,S,none,True,False,False,False,True,True,False,7,95.4,96.4,2295,6.7,0.89,53.84,5.24,0.43,1.36,-0.440033928,1.786550069,3.087483596,1.558169291,42.1,,,,,,,-0.071,,,False,1,0,1,0,True,https://www.mlb.com/video/parker-messick-called-strike-to-hao-yu-lee-xyzylm?partnerId=web_multimedia-search_video-share,Pitch,
824238_29_2,2026-08-13,824238,R,29,2,4,Bot,1,DET,CLE,"Messick, Parker",800048,701678,R,L,0,1,0-1,True,False,False,2,FF,Four-Seam Fastball,4-Seam Fastball,ball,none,B,none,False,False,False,False,False,False,False,12,95.4,96.6,2209,6.6,1.22,53.9,5.23,0.58,1.28,0.838331712,3.869453244,3.087483596,1.558169291,36.9,,,,,,,0.033,,,False,1,0,1,0,True,https://www.mlb.com/video/parker-messick-ball-to-hao-yu-lee-yoajer?partnerId=web_multimedia-search_video-share,Pitch,
824238_29_1,2026-08-13,824238,R,29,1,4,Bot,1,DET,CLE,"Messick, Parker",800048,701678,R,L,0,0,0-0,False,False,True,2,SL,Slider,Slider,called_strike,none,S,none,True,False,False,False,True,True,False,9,86.8,88.2,2347,6.5,1.22,53.97,5.28,-0.52,0.33,0.30600183,1.866100952,3.087483596,1.558169291,43.3,,,,,,,-0.041,,,False,1,0,1,0,True,https://www.mlb.com/video/parker-messick-called-strike-to-hao-yu-lee-esfsog?partnerId=web_multimedia-search_video-share,Pitch,
824238_28_5,2026-08-13,824238,R,28,5,4,Bot,0,DET,CLE,"Messick, Parker",800048,679529,R,L,2,2,2-2,False,True,False,2,CH,Changeup,Changeup,swinging_strike,strikeout,S,none,True,True,False,True,True,False,True,14,87.6,87.7,1984,6.3,1.12,54.19,5.24,1.19,0.06,0.009577611,0.854368353,3.232291667,1.63125,35.2,,,,,0.0,0.0,-0.232,79.4,9.2,False,1,0,1,0,True,https://www.mlb.com/video/spencer-torkelson-strikes-out-swinging-vymbdl?partnerId=web_multimedia-search_video-share,Pitch,
824238_28_4,2026-08-13,824238,R,28,4,4,Bot,0,DET,CLE,"Messick, Parker",800048,679529,R,L,2,1,2-1,False,False,False,2,FF,Four-Seam Fastball,4-Seam Fastball,called_strike,none,S,none,True,False,False,False,True,True,False,5,94.9,95.9,2190,6.7,0.99,53.78,5.29,0.58,1.49,-0.127564558,2.148728805,3.232291667,1.63125,44.6,,,,,,,-0.078,,,False,1,0,1,0,True,https://www.mlb.com/video/parker-messick-called-strike-to-spencer-torkelson-cpbwrz?partnerId=web_multimedia-search_video-share,Pitch,
824238_28_3,2026-08-13,824238,R,28,3,4,Bot,0,DET,CLE,"Messick, Parker",800048,679529,R,L,2,0,2-0,False,False,False,2,FF,Four-Seam Fastball,4-Seam Fastball,foul,none,S,none,True,True,True,False,False,True,False,5,94.9,95.9,2169,6.6,0.93,53.9,5.33,0.46,1.19,0.020711674,2.597426262,3.232291667,1.63125,39.5,75.3,60.0,179.0,,,,-0.075,75.1,7.5,False,1,0,1,0,True,https://www.mlb.com/video/parker-messick-foul-to-spencer-torkelson-fy6itd?partnerId=web_multimedia-search_video-share,Pitch,
824238_28_2,2026-08-13,824238,R,28,2,4,Bot,0,DET,CLE,"Messick, Parker",800048,679529,R,L,1,0,1-0,False,False,False,2,CU,Curveball,Curveball,ball,none,B,none,False,False,False,False,False,False,False,13,80.5,81.2,2200,6.5,1.08,53.98,5.39,-0.97,-0.43,-1.310430458,1.809449024,3.232291667,1.63125,44.9,,,,,,,0.083,,,False,1,0,1,0,True,https://www.mlb.com/video/parker-messick-ball-to-spencer-torkelson-xgignx?partnerId=web_multimedia-search_video-share,Pitch,
824238_28_1,2026-08-13,824238,R,28,1,4,Bot,0,DET,CLE,"Messick, Parker",800048,679529,R,L,0,0,0-0,False,False,True,2,CU,Curveball,Curveball,ball,none,B,none,False,False,False,False,False,False,False,12,79.3,80.0,2283,6.4,1.13,54.12,5.41,-1.08,-0.6,0.944190823,2.493421715,3.232291667,1.63125,42.6,,,,,,,0.044,,,False,1,0,1,0,True,https://www.mlb.com/video/parker-messick-ball-to-spencer-torkelson-vztpij?partnerId=web_multimedia-search_video-share,Pitch,
824238_24_5,2026-08-13,824238,R,24,5,3,Bot,2,DET,CLE,"Messick, Parker",800048,680664,R,L,2,2,2-2,False,True,False,2,FF,Four-Seam Fastball,4-Seam Fastball,swinging_strike,strikeout,S,none,True,True,False,True,True,True,False,5,97.1,97.5,2409,6.6,1.03,53.86,5.25,0.56,1.4,-0.267123592,2.41181204,3.256865158,1.643651575,42.5,,,,,0.0,0.0,-0.196,69.0,6.2,False,1,0,1,0,True,https://www.mlb.com/video/eduardo-valencia-strikes-out-swinging-sd92af?partnerId=web_multimedia-search_video-share,Pitch,
824238_24_4,2026-08-13,824238,R,24,4,3,Bot,2,DET,CLE,"Messick, Parker",800048,680664,R,L,2,1,2-1,False,False,False,2,CH,Changeup,Changeup,swinging_strike,none,S,none,True,True,False,True,True,True,False,9,86.3,86.5,1905,6.3,1.36,54.25,5.25,1.04,0.21,0.64413294,1.621365258,3.256865158,1.643651575,35.3,,,,,,,-0.068,77.6,9.1,False,1,0,1,0,True,https://www.mlb.com/video/parker-messick-swinging-strike-to-eduardo-valencia-dnlwvm?partnerId=web_multimedia-search_video-share,Pitch,
824238_24_3,2026-08-13,824238,R,24,3,3,Bot,2,DET,CLE,"Messick, Parker",800048,680664,R,L,1,1,1-1,False,False,False,2,CH,Changeup,Changeup,ball,none,B,none,False,False,False,False,False,False,False,14,86.9,86.8,2073,6.2,1.31,54.32,5.24,1.21,0.26,0.28545763,1.500636662,3.256865158,1.643651575,34.4,,,,,,,0.009,,,False,1,0,1,0,True,https://www.mlb.com/video/parker-messick-ball-to-eduardo-valencia-bkbomj?partnerId=web_multimedia-search_video-share,Pitch,
824238_24_2,2026-08-13,824238,R,24,2,3,Bot,2,DET,CLE,"Messick, Parker",800048,680664,R,L,1,0,1-0,False,False,False,2,FF,Four-Seam Fastball,4-Seam Fastball,swinging_strike,none,S,none,True,True,False,True,True,False,True,12,95.6,96.1,2332,6.4,0.96,54.06,5.37,0.4,1.24,0.343037496,3.398289195,3.256865158,1.643651575,40.2,,,,,,,-0.03,68.5,6.5,False,1,0,1,0,True,https://www.mlb.com/video/parker-messick-swinging-strike-to-eduardo-valencia?partnerId=web_multimedia-search_video-share,Pitch,
824238_24_1,2026-08-13,824238,R,24,1,3,Bot,2,DET,CLE,"Messick, Parker",800048,680664,R,L,0,0,0-0,False,False,True,2,CH,Changeup,Changeup,blocked_ball,none,B,none,False,False,False,False,False,False,False,13,87.3,87.4,2085,6.4,1.26,54.14,5.23,1.18,0.12,-0.288359053,1.27666566,3.256865158,1.643651575,35.8,,,,,,,0.021,,,False,1,0,1,0,True,https://www.mlb.com/video/parker-messick-ball-in-dirt-to-eduardo-valencia?partnerId=web_multimedia-search_video-share,Pitch,
824238_23_5,2026-08-13,824238,R,23,5,3,Bot,1,DET,CLE,"Messick, Parker",800048,805808,L,L,2,2,2-2,False,True,False,2,SL,Slider,Slider,swinging_strike,strikeout,S,none,True,True,False,True,True,True,False,1,88.7,89.4,2419,6.5,1.05,54.04,5.41,-0.49,0.5,-0.307786363,3.088316109,3.085728346,1.557283465,43.0,,,,,0.0,0.0,-0.379,69.7,6.5,False,1,0,1,0,True,https://www.mlb.com/video/kevin-mcgonigle-strikes-out-swinging-fsjhhp?partnerId=web_multimedia-search_video-share,Pitch,
824238_23_4,2026-08-13,824238,R,23,4,3,Bot,1,DET,CLE,"Messick, Parker",800048,805808,L,L,1,2,1-2,True,True,False,2,CH,Changeup,Changeup,blocked_ball,none,B,none,False,False,False,False,False,False,False,13,87.0,87.1,2023,6.4,1.11,54.12,5.25,1.27,0.4,-0.050331056,0.134518107,3.085728346,1.557283465,40.8,,,,,,,0.03,,,False,1,0,1,0,True,https://www.mlb.com/video/parker-messick-ball-in-dirt-to-kevin-mcgonigle-wtyo7n?partnerId=web_multimedia-search_video-share,Pitch,
824238_23_3,2026-08-13,824238,R,23,3,3,Bot,1,DET,CLE,"Messick, Parker",800048,805808,L,L,0,2,0-2,True,True,False,2,CH,Changeup,Changeup,blocked_ball,none,B,none,False,False,False,False,False,False,False,14,87.4,87.3,2011,6.2,1.25,54.27,5.27,1.33,0.1,0.23075454,0.539574848,3.085728346,1.557283465,39.8,,,,,,,0.004,,,False,1,0,1,0,True,https://www.mlb.com/video/parker-messick-ball-in-dirt-to-kevin-mcgonigle?partnerId=web_multimedia-search_video-share,Pitch,
824238_23_2,2026-08-13,824238,R,23,2,3,Bot,1,DET,CLE,"Messick, Parker",800048,805808,L,L,0,1,0-1,True,False,False,2,SL,Slider,Slider,foul,none,S,none,True,True,True,False,False,False,True,13,88.1,88.2,2500,6.4,0.99,54.06,5.37,-0.43,0.39,-0.891748021,1.536251156,3.085728346,1.557283465,44.6,60.6,-38.0,2.0,,,,-0.066,65.8,7.9,False,1,0,1,0,True,https://www.mlb.com/video/parker-messick-foul-to-kevin-mcgonigle-90vim8?partnerId=web_multimedia-search_video-share,Pitch,
824238_23_1,2026-08-13,824238,R,23,1,3,Bot,1,DET,CLE,"Messick, Parker",800048,805808,L,L,0,0,0-0,False,False,True,2,SI,Sinker,Sinker,foul,none,S,none,True,True,True,False,False,True,False,5,94.1,94.8,2169,6.5,0.94,53.99,5.3,1.13,0.88,-0.113105618,2.105043572,3.085728346,1.557283465,40.0,75.0,38.0,224.0,,,,-0.06,71.7,6.6,False,1,0,1,0,True,https://www.mlb.com/video/parker-messick-foul-to-kevin-mcgonigle-cqahi9?partnerId=web_multimedia-search_video-share,Pitch,
824238_22_1,2026-08-13,824238,R,22,1,3,Bot,0,DET,CLE,"Messick, Parker",800048,693307,R,L,0,0,0-0,False,False,True,2,CH,Changeup,Changeup,hit_into_play,field_out,X,ground_ball,False,True,True,False,False,True,False,9,86.8,87.0,1984,6.3,1.14,54.22,5.26,1.02,0.05,0.352355877,1.750051888,3.271784777,1.651181102,35.4,92.4,-13.0,8.0,0.145,0.136,0.0,-0.25,71.8,7.9,False,0,0,0,0,True,https://www.mlb.com/video/parker-messick-in-play-run-s-to-dillon-dingler?partnerId=web_multimedia-search_video-share,Pitch,
824238_21_4,2026-08-13,824238,R,21,4,3,Bot,0,DET,CLE,"Messick, Parker",800048,650402,R,L,3,0,3-0,False,False,False,2,SI,Sinker,Sinker,ball,walk,B,none,False,False,False,False,False,False,False,13,93.5,94.0,2233,6.5,1.03,54.0,5.24,1.06,1.01,-1.121109176,1.517485501,3.12960958,1.579429134,40.2,,,,,0.698089,0.7,0.138,,,False,0,0,0,0,True,https://www.mlb.com/video/gleyber-torres-walks-javier-baez-to-3rd-ben-malgeri-to-2nd?partnerId=web_multimedia-search_video-share,Pitch,
824238_21_3,2026-08-13,824238,R,21,3,3,Bot,0,DET,CLE,"Messick, Parker",800048,650402,R,L,2,0,2-0,False,False,False,2,SI,Sinker,Sinker,ball,none,B,none,False,False,False,False,False,False,False,14,93.4,94.1,2161,6.5,1.15,53.99,5.26,0.99,0.72,0.17530597,1.382173694,3.12960958,1.579429134,39.8,,,,,,,0.154,,,False,0,0,0,0,True,https://www.mlb.com/video/parker-messick-ball-to-gleyber-torres-c1klul?partnerId=web_multimedia-search_video-share,Pitch,
824238_21_2,2026-08-13,824238,R,21,2,3,Bot,0,DET,CLE,"Messick, Parker",800048,650402,R,L,1,0,1-0,False,False,False,2,FF,Four-Seam Fastball,4-Seam Fastball,ball,none,B,none,False,False,False,False,False,False,False,12,94.3,95.0,2179,6.4,0.98,54.09,5.31,0.36,1.38,0.663873939,3.87737223,3.12960958,1.579429134,40.9,,,,,,,0.079,,,False,0,0,0,0,True,https://www.mlb.com/video/parker-messick-ball-to-gleyber-torres-jxs55k?partnerId=web_multimedia-search_video-share,Pitch,
824238_21_1,2026-08-13,824238,R,21,1,3,Bot,0,DET,CLE,"Messick, Parker",800048,650402,R,L,0,0,0-0,False,False,True,2,FF,Four-Seam Fastball,4-Seam Fastball,ball,none,B,none,False,False,False,False,False,False,False,12,93.9,94.8,2155,6.5,0.92,54.05,5.34,0.13,1.29,1.281909839,4.056177916,3.12960958,1.579429134,41.0,,,,,,,0.052,,,False,0,0,0,0,True,https://www.mlb.com/video/parker-messick-ball-to-gleyber-torres-ig3nhg?partnerId=web_multimedia-search_video-share,Pitch,
824238_20_6,2026-08-13,824238,R,20,6,3,Bot,0,DET,CLE,"Messick, Parker",800048,701162,R,L,3,2,3-2,False,True,False,1,FF,Four-Seam Fastball,4-Seam Fastball,hit_by_pitch,hit_by_pitch,B,none,False,False,False,False,False,False,False,11,95.4,95.8,2289,6.6,1.07,53.94,5.31,0.21,1.41,-0.993006878,3.500855246,3.234924541,1.63257874,42.1,,,,,0.729084,0.7,0.231,,,False,0,0,0,0,True,https://www.mlb.com/video/ben-malgeri-hit-by-pitch-azongn?partnerId=web_multimedia-search_video-share,Pitch,
824238_20_5,2026-08-13,824238,R,20,5,3,Bot,0,DET,CLE,"Messick, Parker",800048,701162,R,L,2,2,2-2,False,True,False,1,FF,Four-Seam Fastball,4-Seam Fastball,ball,none,B,none,False,False,False,False,False,False,False,13,95.1,95.5,2210,6.6,0.93,53.87,5.29,0.29,1.44,-1.46197993,2.279988364,3.234924541,1.63257874,43.2,,,,,,,0.123,,,False,0,0,0,0,True,https://www.mlb.com/video/parker-messick-ball-to-ben-malgeri-mvcmv1?partnerId=web_multimedia-search_video-share,Pitch,
824238_20_4,2026-08-13,824238,R,20,4,3,Bot,0,DET,CLE,"Messick, Parker",800048,701162,R,L,1,2,1-2,True,True,False,1,FF,Four-Seam Fastball,4-Seam Fastball,ball,none,B,none,False,False,False,False,False,False,False,11,94.5,95.0,2222,6.5,1.02,54.03,5.35,0.18,1.33,-0.599951702,4.190082264,3.234924541,1.63257874,41.4,,,,,,,0.023,,,False,0,0,0,0,True,https://www.mlb.com/video/parker-messick-ball-to-ben-malgeri-ggdnxf?partnerId=web_multimedia-search_video-share,Pitch,
824238_20_3,2026-08-13,824238,R,20,3,3,Bot,0,DET,CLE,"Messick, Parker",800048,701162,R,L,1,1,1-1,False,False,False,1,FF,Four-Seam Fastball,4-Seam Fastball,swinging_strike,none,S,none,True,True,False,True,True,False,True,12,94.0,94.2,2178,6.4,1.0,54.09,5.31,0.38,1.34,0.228220494,3.642611187,3.234924541,1.63257874,39.2,,,,,,,-0.052,68.2,5.4,False,0,0,0,0,True,https://www.mlb.com/video/parker-messick-swinging-strike-to-ben-malgeri-j3vugn?partnerId=web_multimedia-search_video-share,Pitch,
824238_20_2,2026-08-13,824238,R,20,2,3,Bot,0,DET,CLE,"Messick, Parker",800048,701162,R,L,1,0,1-0,False,False,False,1,CH,Changeup,Changeup,swinging_strike,none,S,none,True,True,False,True,True,False,True,14,85.7,85.5,1960,6.2,1.17,54.25,5.32,1.19,0.15,0.87019875,1.19578209,3.234924541,1.63257874,37.1,,,,,,,-0.055,47.7,6.6,False,0,0,0,0,True,https://www.mlb.com/video/parker-messick-swinging-strike-to-ben-malgeri?partnerId=web_multimedia-search_video-share,Pitch,
824238_20_1,2026-08-13,824238,R,20,1,3,Bot,0,DET,CLE,"Messick, Parker",800048,701162,R,L,0,0,0-0,False,False,True,1,FF,Four-Seam Fastball,4-Seam Fastball,ball,none,B,none,False,False,False,False,False,False,False,12,93.6,94.4,2127,6.5,0.98,53.96,5.33,0.33,1.31,0.525263418,4.194157667,3.234924541,1.63257874,46.1,,,,,,,0.032,,,False,0,0,0,0,True,https://www.mlb.com/video/parker-messick-ball-to-ben-malgeri-p9yadd?partnerId=web_multimedia-search_video-share,Pitch,
824238_19_5,2026-08-13,824238,R,19,5,3,Bot,0,DET,CLE,"Messick, Parker",800048,595879,R,L,2,2,2-2,False,True,False,1,CH,Changeup,Changeup,hit_into_play,double,X,line_drive,False,True,True,False,False,False,True,14,87.4,87.2,2081,6.4,1.3,54.08,5.34,1.22,0.39,0.381239787,1.019146194,3.175246063,1.60246063,35.5,97.3,7.0,137.0,0.609,0.564,1.25,0.733,70.9,8.9,True,0,0,0,0,True,https://www.mlb.com/video/parker-messick-in-play-no-out-to-javier-baez?partnerId=web_multimedia-search_video-share,Pitch,
824238_19_4,2026-08-13,824238,R,19,4,3,Bot,0,DET,CLE,"Messick, Parker",800048,595879,R,L,2,1,2-1,False,False,False,1,FF,Four-Seam Fastball,4-Seam Fastball,swinging_strike,none,S,none,True,True,False,True,True,True,False,4,95.2,95.5,2267,6.6,1.01,53.9,5.32,0.54,1.55,-0.560863796,2.462000568,3.175246063,1.60246063,41.8,,,,,,,-0.078,78.0,8.1,False,0,0,0,0,True,https://www.mlb.com/video/parker-messick-swinging-strike-to-javier-baez-mb3s0e?partnerId=web_multimedia-search_video-share,Pitch,
824238_19_3,2026-08-13,824238,R,19,3,3,Bot,0,DET,CLE,"Messick, Parker",800048,595879,R,L,2,0,2-0,False,False,False,1,CH,Changeup,Changeup,swinging_strike,none,S,none,True,True,False,True,True,True,False,7,85.9,85.8,1934,6.4,1.18,54.12,5.35,1.07,0.23,-0.67984997,1.534908839,3.175246063,1.60246063,43.8,,,,,,,-0.075,77.9,9.4,False,0,0,0,0,True,https://www.mlb.com/video/parker-messick-swinging-strike-to-javier-baez?partnerId=web_multimedia-search_video-share,Pitch,
824238_19_2,2026-08-13,824238,R,19,2,3,Bot,0,DET,CLE,"Messick, Parker",800048,595879,R,L,1,0,1-0,False,False,False,1,SI,Sinker,Sinker,ball,none,B,none,False,False,False,False,False,False,False,12,92.4,93.3,1967,6.7,1.12,53.83,5.39,0.76,0.8,1.020453417,2.889139486,3.175246063,1.60246063,42.4,,,,,,,0.083,,,False,0,0,0,0,True,https://www.mlb.com/video/parker-messick-ball-to-javier-baez-ix5qdb?partnerId=web_multimedia-search_video-share,Pitch,
824238_19_1,2026-08-13,824238,R,19,1,3,Bot,0,DET,CLE,"Messick, Parker",800048,595879,R,L,0,0,0-0,False,False,True,1,SI,Sinker,Sinker,ball,none,B,none,False,False,False,False,False,False,False,13,92.5,92.9,2021,6.6,1.07,53.91,5.37,0.49,0.88,-1.126522399,1.896835289,3.175246063,1.60246063,41.7,,,,,,,0.044,,,False,0,0,0,0,True,https://www.mlb.com/video/parker-messick-ball-to-javier-baez-0e2zzh?partnerId=web_multimedia-search_video-share,Pitch,
824238_14_3,2026-08-13,824238,R,14,3,2,Bot,2,DET,CLE,"Messick, Parker",800048,703601,L,L,0,2,0-2,True,True,False,1,SI,Sinker,Sinker,hit_into_play,field_out,X,ground_ball,False,True,True,False,False,True,False,6,94.4,95.2,2090,6.5,1.14,54.0,5.33,0.98,0.81,0.818557883,2.581057964,3.179634186,1.604675197,39.1,56.3,-12.0,11.0,0.087,0.078,0.0,-0.183,74.0,6.9,False,0,0,0,0,True,https://www.mlb.com/video/parker-messick-in-play-out-s-to-max-clark?partnerId=web_multimedia-search_video-share,Pitch,
824238_14_2,2026-08-13,824238,R,14,2,2,Bot,2,DET,CLE,"Messick, Parker",800048,703601,L,L,0,1,0-1,True,False,False,1,SI,Sinker,Sinker,called_strike,none,S,none,True,False,False,False,True,True,False,7,94.0,95.2,2176,6.6,0.99,53.88,5.33,0.97,0.85,-0.341594548,1.889577226,3.179634186,1.604675197,41.1,,,,,,,-0.06,,,False,0,0,0,0,True,https://www.mlb.com/video/parker-messick-called-strike-to-max-clark?partnerId=web_multimedia-search_video-share,Pitch,
824238_14_1,2026-08-13,824238,R,14,1,2,Bot,2,DET,CLE,"Messick, Parker",800048,703601,L,L,0,0,0-0,False,False,True,1,FF,Four-Seam Fastball,4-Seam Fastball,foul,none,S,none,True,True,True,False,False,True,False,1,94.8,95.6,2183,6.6,0.9,53.93,5.38,0.35,1.24,-0.461985365,2.775274233,3.179634186,1.604675197,44.1,77.8,40.0,248.0,,,,-0.038,70.7,6.6,False,0,0,0,0,True,https://www.mlb.com/video/parker-messick-foul-to-max-clark?partnerId=web_multimedia-search_video-share,Pitch,
824238_13_3,2026-08-13,824238,R,13,3,2,Bot,1,DET,CLE,"Messick, Parker",800048,701678,R,L,2,0,2-0,False,False,False,1,CH,Changeup,Changeup,hit_into_play,field_out,X,line_drive,False,True,True,False,False,True,False,6,85.4,85.5,2040,6.3,1.4,54.16,5.29,1.24,0.38,0.63191478,2.158435547,3.087483596,1.558169291,38.6,93.7,20.0,311.0,0.303,0.342,0.0,-0.335,64.9,6.7,False,0,0,0,0,True,https://www.mlb.com/video/parker-messick-in-play-out-s-to-hao-yu-lee?partnerId=web_multimedia-search_video-share,Pitch,
824238_13_2,2026-08-13,824238,R,13,2,2,Bot,1,DET,CLE,"Messick, Parker",800048,701678,R,L,1,0,1-0,False,False,False,1,CH,Changeup,Changeup,ball,none,B,none,False,False,False,False,False,False,False,12,84.8,85.0,2029,6.4,1.37,54.14,5.33,1.19,0.11,1.086835873,2.443234173,3.087483596,1.558169291,39.2,,,,,,,0.026,,,False,0,0,0,0,True,https://www.mlb.com/video/parker-messick-ball-to-hao-yu-lee-kn1bqb?partnerId=web_multimedia-search_video-share,Pitch,
824238_13_1,2026-08-13,824238,R,13,1,2,Bot,1,DET,CLE,"Messick, Parker",800048,701678,R,L,0,0,0-0,False,False,True,1,CH,Changeup,Changeup,blocked_ball,none,B,none,False,False,False,False,False,False,False,14,85.4,85.3,2072,6.3,1.36,54.24,5.32,1.28,0.29,0.551926445,0.697193353,3.087483596,1.558169291,37.8,,,,,,,0.039,,,False,0,0,0,0,True,https://www.mlb.com/video/parker-messick-ball-in-dirt-to-hao-yu-lee-wctzsz?partnerId=web_multimedia-search_video-share,Pitch,
824238_12_8,2026-08-13,824238,R,12,8,2,Bot,1,DET,CLE,"Messick, Parker",800048,679529,R,L,3,2,3-2,False,True,False,1,CH,Changeup,Changeup,hit_into_play,single,X,ground_ball,False,True,True,False,False,True,False,8,86.9,87.3,2012,6.4,1.29,54.06,5.24,1.18,0.22,-0.114090431,1.805953682,3.232291667,1.63125,37.9,43.7,-62.0,1.0,0.232,0.209,0.9,0.333,74.5,8.3,False,0,0,0,0,True,https://www.mlb.com/video/parker-messick-in-play-no-out-to-spencer-torkelson?partnerId=web_multimedia-search_video-share,Pitch,
824238_12_7,2026-08-13,824238,R,12,7,2,Bot,1,DET,CLE,"Messick, Parker",800048,679529,R,L,2,2,2-2,False,True,False,1,FF,Four-Seam Fastball,4-Seam Fastball,ball,none,B,none,False,False,False,False,False,False,False,13,96.3,96.9,2206,6.7,0.84,53.83,5.31,0.52,1.36,-1.195475835,1.196209846,3.232291667,1.63125,40.3,,,,,,,0.111,,,False,0,0,0,0,True,https://www.mlb.com/video/parker-messick-ball-to-spencer-torkelson-csbkzw?partnerId=web_multimedia-search_video-share,Pitch,
824238_12_6,2026-08-13,824238,R,12,6,2,Bot,1,DET,CLE,"Messick, Parker",800048,679529,R,L,2,2,2-2,False,True,False,1,FF,Four-Seam Fastball,4-Seam Fastball,foul,none,S,none,True,True,True,False,False,True,False,2,96.4,97.0,2320,6.5,0.96,53.99,5.38,0.44,1.52,0.260878743,3.199944805,3.232291667,1.63125,40.9,75.4,65.0,187.0,,,,0.0,70.7,7.1,False,0,0,0,0,True,https://www.mlb.com/video/parker-messick-foul-to-spencer-torkelson-duzamo?partnerId=web_multimedia-search_video-share,Pitch,
824238_12_5,2026-08-13,824238,R,12,5,2,Bot,1,DET,CLE,"Messick, Parker",800048,679529,R,L,2,2,2-2,False,True,False,1,CH,Changeup,Changeup,foul,none,S,none,True,True,True,False,False,False,True,14,87.1,87.8,1977,6.4,1.16,54.09,5.36,1.01,0.33,0.277083476,1.390213086,3.232291667,1.63125,40.8,26.9,27.0,37.0,,,,0.0,70.7,7.0,False,0,0,0,0,True,https://www.mlb.com/video/parker-messick-foul-to-spencer-torkelson-siqjjf?partnerId=web_multimedia-search_video-share,Pitch,
824238_12_4,2026-08-13,824238,R,12,4,2,Bot,1,DET,CLE,"Messick, Parker",800048,679529,R,L,1,2,1-2,True,True,False,1,FF,Four-Seam Fastball,4-Seam Fastball,ball,none,B,none,False,False,False,False,False,False,False,14,94.9,95.9,2205,6.6,0.96,53.88,5.38,0.49,1.31,0.973326367,2.163586114,3.232291667,1.63125,45.1,,,,,,,0.052,,,False,0,0,0,0,True,https://www.mlb.com/video/parker-messick-ball-to-spencer-torkelson-bs8oak?partnerId=web_multimedia-search_video-share,Pitch,
824238_12_3,2026-08-13,824238,R,12,3,2,Bot,1,DET,CLE,"Messick, Parker",800048,679529,R,L,1,1,1-1,False,False,False,1,CU,Curveball,Curveball,called_strike,none,S,none,True,False,False,False,True,True,False,7,80.2,80.8,2244,6.7,1.08,53.78,5.38,-1.06,-0.67,-0.314793083,1.852568086,3.232291667,1.63125,42.7,,,,,,,-0.071,,,False,0,0,0,0,True,https://www.mlb.com/video/parker-messick-called-strike-to-spencer-torkelson-aobi9f?partnerId=web_multimedia-search_video-share,Pitch,
824238_12_2,2026-08-13,824238,R,12,2,2,Bot,1,DET,CLE,"Messick, Parker",800048,679529,R,L,0,1,0-1,True,False,False,1,CH,Changeup,Changeup,ball,none,B,none,False,False,False,False,False,False,False,14,87.1,87.5,2139,6.2,1.29,54.26,5.36,1.19,0.22,0.664824091,1.289043523,3.232291667,1.63125,37.7,,,,,,,0.033,,,False,0,0,0,0,True,https://www.mlb.com/video/parker-messick-ball-to-spencer-torkelson-dqajw1?partnerId=web_multimedia-search_video-share,Pitch,
824238_12_1,2026-08-13,824238,R,12,1,2,Bot,1,DET,CLE,"Messick, Parker",800048,679529,R,L,0,0,0-0,False,False,True,1,FF,Four-Seam Fastball,4-Seam Fastball,called_strike,none,S,none,True,False,False,False,True,True,False,2,94.6,95.6,2233,6.5,1.02,53.99,5.42,0.56,1.29,0.110517865,2.9787305,3.232291667,1.63125,40.6,,,,,,,-0.041,,,False,0,0,0,0,True,https://www.mlb.com/video/parker-messick-called-strike-to-spencer-torkelson-ofadtw?partnerId=web_multimedia-search_video-share,Pitch,
824238_11_3,2026-08-13,824238,R,11,3,2,Bot,0,DET,CLE,"Messick, Parker",800048,680664,R,L,1,1,1-1,False,False,False,1,FF,Four-Seam Fastball,4-Seam Fastball,hit_into_play,field_out,X,fly_ball,False,True,True,False,False,True,False,6,94.3,95.1,2197,6.5,1.05,53.98,5.42,0.42,1.16,0.586359359,2.656101503,3.256865158,1.643651575,40.3,94.7,32.0,324.0,0.131,0.23,0.0,-0.247,75.4,7.6,False,0,0,0,0,True,https://www.mlb.com/video/parker-messick-in-play-out-s-to-eduardo-valencia?partnerId=web_multimedia-search_video-share,Pitch,
824238_11_2,2026-08-13,824238,R,11,2,2,Bot,0,DET,CLE,"Messick, Parker",800048,680664,R,L,0,1,0-1,True,False,False,1,CH,Changeup,Changeup,ball,none,B,none,False,False,False,False,False,False,False,14,85.9,85.8,2058,6.3,1.27,54.18,5.4,1.29,0.0,0.613104151,0.796686452,3.256865158,1.643651575,44.7,,,,,,,0.029,,,False,0,0,0,0,True,https://www.mlb.com/video/parker-messick-ball-to-eduardo-valencia-sxp7ki?partnerId=web_multimedia-search_video-share,Pitch,
824238_11_1,2026-08-13,824238,R,11,1,2,Bot,0,DET,CLE,"Messick, Parker",800048,680664,R,L,0,0,0-0,False,False,True,1,CU,Curveball,Curveball,called_strike,none,S,none,True,False,False,False,True,True,False,6,78.1,78.5,2292,6.4,1.05,54.06,5.48,-1.3,-0.43,0.357317699,2.322359563,3.256865158,1.643651575,44.3,,,,,,,-0.042,,,False,0,0,0,0,True,https://www.mlb.com/video/parker-messick-called-strike-to-eduardo-valencia?partnerId=web_multimedia-search_video-share,Pitch,
824238_7_4,2026-08-13,824238,R,7,4,1,Bot,2,DET,CLE,"Messick, Parker",800048,805808,L,L,1,2,1-2,True,True,False,1,SL,Slider,Slider,called_strike,strikeout,S,none,True,False,False,False,True,True,False,7,86.3,87.3,2412,6.7,0.98,53.84,5.42,-0.46,0.22,-0.680199969,1.895294557,3.085728346,1.557283465,45.1,,,,,0.0,0.0,-0.18,,,False,0,0,0,0,True,https://www.mlb.com/video/kevin-mcgonigle-called-out-on-strikes-cmb2dl?partnerId=web_multimedia-search_video-share,Pitch,
824238_7_3,2026-08-13,824238,R,7,3,1,Bot,2,DET,CLE,"Messick, Parker",800048,805808,L,L,0,2,0-2,True,True,False,1,CH,Changeup,Changeup,ball,none,B,none,False,False,False,False,False,False,False,13,86.8,87.0,1846,6.4,1.12,54.12,5.36,1.08,0.16,-0.09996043,0.025823436,3.085728346,1.557283465,39.7,,,,,,,0.026,,,False,0,0,0,0,True,https://www.mlb.com/video/parker-messick-ball-to-kevin-mcgonigle-bjv0xe?partnerId=web_multimedia-search_video-share,Pitch,
824238_7_2,2026-08-13,824238,R,7,2,1,Bot,2,DET,CLE,"Messick, Parker",800048,805808,L,L,0,1,0-1,True,False,False,1,SL,Slider,Slider,foul,none,S,none,True,True,True,False,False,True,False,7,86.7,87.6,2357,6.6,0.91,53.92,5.49,-0.6,0.27,-0.753352002,1.674501692,3.085728346,1.557283465,49.6,62.7,30.0,165.0,,,,-0.061,34.2,6.4,False,0,0,0,0,True,https://www.mlb.com/video/parker-messick-foul-to-kevin-mcgonigle-zhsyex?partnerId=web_multimedia-search_video-share,Pitch,
824238_7_1,2026-08-13,824238,R,7,1,1,Bot,2,DET,CLE,"Messick, Parker",800048,805808,L,L,0,0,0-0,False,False,True,1,FF,Four-Seam Fastball,4-Seam Fastball,foul,none,S,none,True,True,True,False,False,True,False,4,94.0,94.3,2218,6.6,0.86,53.92,5.44,0.53,1.47,-0.5019706,2.533339474,3.085728346,1.557283465,42.5,,,,,,,-0.043,72.6,7.1,False,0,0,0,0,True,https://www.mlb.com/video/parker-messick-foul-to-kevin-mcgonigle?partnerId=web_multimedia-search_video-share,Pitch,
824238_6_3,2026-08-13,824238,R,6,3,1,Bot,1,DET,CLE,"Messick, Parker",800048,693307,R,L,2,0,2-0,False,False,False,1,SI,Sinker,Sinker,hit_into_play,field_out,X,popup,False,True,True,False,False,True,False,2,92.4,92.7,1980,6.5,0.97,53.97,5.39,1.31,0.78,0.18631526,2.830146804,3.271784777,1.651181102,40.4,90.1,77.0,64.0,0.009,0.011,0.0,-0.38,77.8,7.8,False,0,0,0,0,True,https://www.mlb.com/video/parker-messick-in-play-out-s-to-dillon-dingler-clpi8n?partnerId=web_multimedia-search_video-share,Pitch,
824238_6_2,2026-08-13,824238,R,6,2,1,Bot,1,DET,CLE,"Messick, Parker",800048,693307,R,L,1,0,1-0,False,False,False,1,FF,Four-Seam Fastball,4-Seam Fastball,ball,none,B,none,False,False,False,False,False,False,False,12,93.9,94.2,2175,6.6,0.97,53.94,5.43,0.61,1.47,1.062483647,4.1044719,3.271784777,1.651181102,39.4,,,,,,,0.077,,,False,0,0,0,0,True,https://www.mlb.com/video/parker-messick-ball-to-dillon-dingler-udt3na?partnerId=web_multimedia-search_video-share,Pitch,
824238_6_1,2026-08-13,824238,R,6,1,1,Bot,1,DET,CLE,"Messick, Parker",800048,693307,R,L,0,0,0-0,False,False,True,1,FF,Four-Seam Fastball,4-Seam Fastball,ball,none,B,none,False,False,False,False,False,False,False,14,94.2,94.5,2175,6.6,1.09,53.94,5.46,0.73,1.38,1.15475703,2.281980311,3.271784777,1.651181102,40.7,,,,,,,0.042,,,False,0,0,0,0,True,https://www.mlb.com/video/parker-messick-ball-to-dillon-dingler-7c1dko?partnerId=web_multimedia-search_video-share,Pitch,
824238_5_4,2026-08-13,824238,R,5,4,1,Bot,0,DET,CLE,"Messick, Parker",800048,650402,R,L,1,2,1-2,True,True,False,1,CH,Changeup,Changeup,hit_into_play,field_out,X,ground_ball,False,True,True,False,False,False,True,14,84.7,84.5,1899,6.3,1.2,54.21,5.4,1.42,0.3,0.248126275,1.252195188,3.12960958,1.579429134,36.6,73.4,-46.0,1.0,0.176,0.158,0.0,-0.185,62.5,7.0,False,0,0,0,0,True,https://www.mlb.com/video/gleyber-torres-grounds-out-third-baseman-angel-genao-to-first-baseman-nat?partnerId=web_multimedia-search_video-share,Pitch,
824238_5_3,2026-08-13,824238,R,5,3,1,Bot,0,DET,CLE,"Messick, Parker",800048,650402,R,L,0,2,0-2,True,True,False,1,CH,Changeup,Changeup,ball,none,B,none,False,False,False,False,False,False,False,14,84.9,84.6,1919,6.3,1.27,54.23,5.34,1.22,0.02,1.28450152,1.463919527,3.12960958,1.579429134,41.8,,,,,,,0.021,,,False,0,0,0,0,True,https://www.mlb.com/video/parker-messick-ball-to-gleyber-torres-jtpwey?partnerId=web_multimedia-search_video-share,Pitch,
824238_5_2,2026-08-13,824238,R,5,2,1,Bot,0,DET,CLE,"Messick, Parker",800048,650402,R,L,0,1,0-1,True,False,False,1,CU,Curveball,Curveball,called_strike,none,S,none,True,False,False,False,True,False,False,12,76.9,76.8,2199,6.2,1.01,54.26,5.56,-0.69,-0.62,0.839294329,2.370640691,3.12960958,1.579429134,43.4,,,,,,,-0.053,,,False,0,0,0,0,True,https://www.mlb.com/video/parker-messick-called-strike-to-gleyber-torres-ho5wyx?partnerId=web_multimedia-search_video-share,Pitch,
824238_5_1,2026-08-13,824238,R,5,1,1,Bot,0,DET,CLE,"Messick, Parker",800048,650402,R,L,0,0,0-0,False,False,True,1,FF,Four-Seam Fastball,4-Seam Fastball,called_strike,none,S,none,True,False,False,False,True,False,False,12,93.6,94.0,2182,6.4,1.06,54.08,5.52,0.62,1.47,0.453939958,3.387756562,3.12960958,1.579429134,43.2,,,,,,,-0.042,,,False,0,0,0,0,True,https://www.mlb.com/video/parker-messick-called-strike-to-gleyber-torres-ksbsvs?partnerId=web_multimedia-search_video-share,Pitch,
824566_61_4,2026-08-07,824566,R,61,4,7,Bot,2,CWS,CLE,"Messick, Parker",800048,700337,R,L,1,2,1-2,True,True,False,3,CH,Changeup,Changeup,hit_into_play,field_out,X,ground_ball,False,True,True,False,False,False,True,14,87.6,87.9,1616,6.3,1.0,54.21,5.45,1.14,0.09,0.947518138,0.94397289,3.133997703,1.581643701,37.9,76.5,-26.0,2.0,0.028,0.025,0.0,-0.18,61.9,7.6,False,2,8,2,8,True,https://www.mlb.com/video/parker-messick-in-play-out-s-to-edgar-quero-w1pjic?partnerId=web_multimedia-search_video-share,Pitch,
824566_61_3,2026-08-07,824566,R,61,3,7,Bot,2,CWS,CLE,"Messick, Parker",800048,700337,R,L,1,1,1-1,False,False,False,3,FF,Four-Seam Fastball,4-Seam Fastball,foul,none,S,none,True,True,True,False,False,True,False,2,96.2,96.8,2240,6.6,0.84,53.86,5.41,0.38,1.24,0.064742539,2.914324477,3.133997703,1.581643701,41.8,73.1,30.0,231.0,,,,-0.065,69.4,6.2,False,2,8,2,8,True,https://www.mlb.com/video/parker-messick-foul-to-edgar-quero-9nz308?partnerId=web_multimedia-search_video-share,Pitch,
824566_61_2,2026-08-07,824566,R,61,2,7,Bot,2,CWS,CLE,"Messick, Parker",800048,700337,R,L,0,1,0-1,True,False,False,3,FF,Four-Seam Fastball,4-Seam Fastball,ball,none,B,none,False,False,False,False,False,False,False,11,95.7,96.2,2244,6.5,0.8,53.98,5.51,0.3,1.37,-0.141162177,4.107007207,3.133997703,1.581643701,44.0,,,,,,,0.03,,,False,2,8,2,8,True,https://www.mlb.com/video/parker-messick-ball-to-edgar-quero-zwzqmz?partnerId=web_multimedia-search_video-share,Pitch,
824566_61_1,2026-08-07,824566,R,61,1,7,Bot,2,CWS,CLE,"Messick, Parker",800048,700337,R,L,0,0,0-0,False,False,True,3,CH,Changeup,Changeup,called_strike,none,S,none,True,False,False,False,True,True,False,6,86.0,85.5,1544,6.3,1.16,54.18,5.45,1.25,-0.17,0.38008348,2.640375332,3.133997703,1.581643701,39.1,,,,,,,-0.043,,,False,2,8,2,8,True,https://www.mlb.com/video/parker-messick-called-strike-to-edgar-quero-7dhoej?partnerId=web_multimedia-search_video-share,Pitch,
824566_60_6,2026-08-07,824566,R,60,6,7,Bot,1,CWS,CLE,"Messick, Parker",800048,695731,R,L,2,2,2-2,False,True,False,3,FF,Four-Seam Fastball,4-Seam Fastball,swinging_strike,strikeout,S,none,True,True,False,True,True,True,False,2,96.7,97.6,2280,6.6,0.88,53.91,5.47,0.53,1.24,0.124059823,3.387064663,3.284071522,1.65738189,40.4,,,,,0.0,0.0,-0.234,70.3,5.9,False,2,8,2,8,True,https://www.mlb.com/video/braden-montgomery-strikes-out-swinging-dw4aen?partnerId=web_multimedia-search_video-share,Pitch,
824566_60_5,2026-08-07,824566,R,60,5,7,Bot,1,CWS,CLE,"Messick, Parker",800048,695731,R,L,2,2,2-2,False,True,False,3,CH,Changeup,Changeup,foul,none,S,none,True,True,True,False,False,False,True,12,86.8,87.0,1831,6.4,1.09,54.09,5.42,1.13,0.23,0.948550541,2.732442258,3.284071522,1.65738189,37.5,71.2,42.0,262.0,,,,0.0,61.0,6.2,False,2,8,2,8,True,https://www.mlb.com/video/parker-messick-foul-to-braden-montgomery-as9bnr?partnerId=web_multimedia-search_video-share,Pitch,
824566_60_4,2026-08-07,824566,R,60,4,7,Bot,1,CWS,CLE,"Messick, Parker",800048,695731,R,L,1,2,1-2,True,True,False,3,FF,Four-Seam Fastball,4-Seam Fastball,ball,none,B,none,False,False,False,False,False,False,False,12,95.7,96.3,2170,6.5,0.98,53.98,5.47,0.45,1.26,0.924698281,2.772090393,3.284071522,1.65738189,45.8,,,,,,,0.052,,,False,2,8,2,8,True,https://www.mlb.com/video/parker-messick-ball-to-braden-montgomery-5fdmlu?partnerId=web_multimedia-search_video-share,Pitch,
824566_60_3,2026-08-07,824566,R,60,3,7,Bot,1,CWS,CLE,"Messick, Parker",800048,695731,R,L,1,1,1-1,False,False,False,3,CH,Changeup,Changeup,foul,none,S,none,True,True,True,False,False,True,False,8,86.3,86.5,1642,6.4,1.12,54.09,5.43,1.23,0.19,0.057258814,1.872607561,3.284071522,1.65738189,39.9,57.0,-39.0,3.0,,,,-0.071,69.0,7.3,False,2,8,2,8,True,https://www.mlb.com/video/parker-messick-foul-to-braden-montgomery-4orjjl?partnerId=web_multimedia-search_video-share,Pitch,
824566_60_2,2026-08-07,824566,R,60,2,7,Bot,1,CWS,CLE,"Messick, Parker",800048,695731,R,L,0,1,0-1,True,False,False,3,CU,Curveball,Curveball,ball,none,B,none,False,False,False,False,False,False,False,13,80.5,81.0,2243,6.7,0.86,53.82,5.52,-1.18,-0.6,-0.802429181,0.212620278,3.284071522,1.65738189,43.5,,,,,,,0.033,,,False,2,8,2,8,True,https://www.mlb.com/video/parker-messick-ball-to-braden-montgomery-nwekue?partnerId=web_multimedia-search_video-share,Pitch,
824566_60_1,2026-08-07,824566,R,60,1,7,Bot,1,CWS,CLE,"Messick, Parker",800048,695731,R,L,0,0,0-0,False,False,True,3,SI,Sinker,Sinker,foul,none,S,none,True,True,True,False,False,True,False,5,94.3,95.2,2173,6.7,0.97,53.84,5.46,1.04,0.79,0.044770934,2.376260525,3.284071522,1.65738189,39.9,90.5,38.0,310.0,,,,-0.041,67.3,5.9,False,2,8,2,8,True,https://www.mlb.com/video/parker-messick-foul-to-braden-montgomery-b0xkmx?partnerId=web_multimedia-search_video-share,Pitch,
824566_59_2,2026-08-07,824566,R,59,2,7,Bot,0,CWS,CLE,"Messick, Parker",800048,686668,R,L,1,0,1-0,False,False,False,3,FF,Four-Seam Fastball,4-Seam Fastball,hit_into_play,field_out,X,fly_ball,False,True,True,False,False,True,False,7,93.8,94.4,2123,6.6,0.9,53.91,5.51,0.43,1.18,-0.745811332,1.934015911,3.349893373,1.690600394,44.1,93.3,25.0,341.0,0.14,0.185,0.0,-0.303,79.4,7.4,False,2,8,2,8,True,https://www.mlb.com/video/brenton-doyle-flies-out-to-center-fielder-steven-kwan?partnerId=web_multimedia-search_video-share,Pitch,
824566_59_1,2026-08-07,824566,R,59,1,7,Bot,0,CWS,CLE,"Messick, Parker",800048,686668,R,L,0,0,0-0,False,False,True,3,FF,Four-Seam Fastball,4-Seam Fastball,ball,none,B,none,False,False,False,False,False,False,False,12,93.2,93.8,2128,6.6,0.98,53.94,5.56,0.46,1.38,1.128326359,4.078933304,3.349893373,1.690600394,43.1,,,,,,,0.044,,,False,2,8,2,8,True,https://www.mlb.com/video/parker-messick-ball-to-brenton-doyle-hbzegs?partnerId=web_multimedia-search_video-share,Pitch,
824566_55_7,2026-08-07,824566,R,55,7,6,Bot,2,CWS,CLE,"Messick, Parker",800048,695657,L,L,3,2,3-2,False,True,False,3,CH,Changeup,Changeup,swinging_strike,strikeout,S,none,True,True,False,True,True,True,False,8,86.4,86.6,1746,6.5,1.12,54.03,5.35,1.12,0.18,0.013987089,1.985306251,3.340239501,1.685728347,38.0,,,,,0.0,0.0,-0.327,78.2,9.3,False,2,8,2,8,True,https://www.mlb.com/video/colson-montgomery-strikes-out-swinging-yyu1xu?partnerId=web_multimedia-search_video-share,Pitch,
824566_55_6,2026-08-07,824566,R,55,6,6,Bot,2,CWS,CLE,"Messick, Parker",800048,695657,L,L,2,2,2-2,False,True,False,3,CH,Changeup,Changeup,ball,none,B,none,False,False,False,False,False,False,False,12,86.1,85.8,2033,6.2,1.13,54.28,5.48,1.35,0.02,0.743419941,4.20845006,3.340239501,1.685728347,42.3,,,,,,,0.081,,,False,2,8,2,8,True,https://www.mlb.com/video/parker-messick-ball-to-colson-montgomery-j5dnlk?partnerId=web_multimedia-search_video-share,Pitch,
824566_55_5,2026-08-07,824566,R,55,5,6,Bot,2,CWS,CLE,"Messick, Parker",800048,695657,L,L,2,2,2-2,False,True,False,3,FF,Four-Seam Fastball,4-Seam Fastball,foul,none,S,none,True,True,True,False,False,True,False,4,95.7,96.6,2346,6.7,0.85,53.81,5.45,0.18,1.43,-0.767630073,2.432055122,3.340239501,1.685728347,42.7,72.9,42.0,240.0,,,,0.0,75.5,8.7,False,2,8,2,8,True,https://www.mlb.com/video/parker-messick-foul-to-colson-montgomery-oh5cw4?partnerId=web_multimedia-search_video-share,Pitch,
824566_55_4,2026-08-07,824566,R,55,4,6,Bot,2,CWS,CLE,"Messick, Parker",800048,695657,L,L,1,2,1-2,True,True,False,3,FF,Four-Seam Fastball,4-Seam Fastball,ball,none,B,none,False,False,False,False,False,False,False,11,95.2,95.7,2265,6.5,0.94,53.98,5.49,0.46,1.36,-0.226005077,3.998379798,3.340239501,1.685728347,46.2,,,,,,,0.05,,,False,2,8,2,8,True,https://www.mlb.com/video/parker-messick-ball-to-colson-montgomery-39uqoh?partnerId=web_multimedia-search_video-share,Pitch,
824566_55_3,2026-08-07,824566,R,55,3,6,Bot,2,CWS,CLE,"Messick, Parker",800048,695657,L,L,0,2,0-2,True,True,False,3,CH,Changeup,Changeup,blocked_ball,none,B,none,False,False,False,False,False,False,False,14,86.0,86.2,1792,6.4,1.06,54.07,5.52,1.4,0.31,0.143595336,0.306711287,3.340239501,1.685728347,41.2,,,,,,,0.02,,,False,2,8,2,8,True,https://www.mlb.com/video/parker-messick-ball-in-dirt-to-colson-montgomery?partnerId=web_multimedia-search_video-share,Pitch,
824566_55_2,2026-08-07,824566,R,55,2,6,Bot,2,CWS,CLE,"Messick, Parker",800048,695657,L,L,0,1,0-1,True,False,False,3,CH,Changeup,Changeup,foul,none,S,none,True,True,True,False,False,True,False,6,84.8,84.9,1791,6.3,1.12,54.21,5.45,1.25,0.07,0.4086672,2.200435709,3.340239501,1.685728347,38.3,,,,,,,-0.06,75.9,8.8,False,2,8,2,8,True,https://www.mlb.com/video/parker-messick-foul-to-colson-montgomery-ud1q9d?partnerId=web_multimedia-search_video-share,Pitch,
824566_55_1,2026-08-07,824566,R,55,1,6,Bot,2,CWS,CLE,"Messick, Parker",800048,695657,L,L,0,0,0-0,False,False,True,3,SI,Sinker,Sinker,foul,none,S,none,True,True,True,False,False,True,False,5,93.4,94.1,2231,6.5,0.94,54.01,5.46,1.09,0.7,0.129807209,2.441690944,3.340239501,1.685728347,41.4,79.8,-23.0,6.0,,,,-0.04,76.5,7.8,False,2,8,2,8,True,https://www.mlb.com/video/parker-messick-foul-to-colson-montgomery-7t6hgt?partnerId=web_multimedia-search_video-share,Pitch,
824566_54_1,2026-08-07,824566,R,54,1,6,Bot,2,CWS,CLE,"Messick, Parker",800048,545341,R,L,0,0,0-0,False,False,True,3,SI,Sinker,Sinker,hit_into_play,single,X,ground_ball,False,True,True,False,False,True,False,9,93.9,94.4,2069,6.5,1.1,54.04,5.52,1.15,0.71,0.355598172,1.77127021,3.208595801,1.619291339,40.2,111.3,0.0,44.0,0.543,0.489,0.9,0.332,75.9,7.6,True,2,8,2,8,True,https://www.mlb.com/video/parker-messick-in-play-no-out-to-randal-grichuk-2ewrcc?partnerId=web_multimedia-search_video-share,Pitch,
824566_53_1,2026-08-07,824566,R,53,1,6,Bot,1,CWS,CLE,"Messick, Parker",800048,678246,R,L,0,0,0-0,False,False,True,3,FF,Four-Seam Fastball,4-Seam Fastball,hit_into_play,field_out,X,line_drive,False,True,True,False,False,True,False,8,94.5,95.2,2229,6.6,0.89,53.92,5.51,0.3,1.3,-0.21269596,1.931256234,3.290214895,1.660482283,41.9,91.3,25.0,334.0,0.134,0.165,0.0,-0.261,78.9,8.0,False,2,8,2,8,True,https://www.mlb.com/video/parker-messick-in-play-out-s-to-miguel-vargas-aqczmy?partnerId=web_multimedia-search_video-share,Pitch,
824566_52_2,2026-08-07,824566,R,52,2,6,Bot,1,CWS,CLE,"Messick, Parker",800048,808959,L,L,0,1,0-1,True,False,False,3,FF,Four-Seam Fastball,4-Seam Fastball,hit_into_play,home_run,X,fly_ball,False,True,True,False,False,True,False,4,95.8,96.2,2152,6.6,0.76,53.92,5.53,0.52,1.39,-0.291326767,2.400036366,3.296358268,1.663582677,44.1,110.5,42.0,406.0,0.609,1.259,2.0,1.624,80.0,8.1,True,1,8,1,8,True,https://www.mlb.com/video/munetaka-murakami-homers-25-on-a-fly-ball-to-center-field-9mvaen?partnerId=web_multimedia-search_video-share,Pitch,
824566_52_1,2026-08-07,824566,R,52,1,6,Bot,1,CWS,CLE,"Messick, Parker",800048,808959,L,L,0,0,0-0,False,False,True,3,SI,Sinker,Sinker,foul,none,S,none,True,True,True,False,False,True,False,3,93.9,94.5,2091,6.4,1.09,54.12,5.54,1.05,0.72,0.355349007,3.031549166,3.296358268,1.663582677,42.9,77.2,60.0,206.0,,,,-0.041,66.6,7.1,False,1,8,1,8,True,https://www.mlb.com/video/parker-messick-foul-to-munetaka-murakami?partnerId=web_multimedia-search_video-share,Pitch,
824566_51_3,2026-08-07,824566,R,51,3,6,Bot,0,CWS,CLE,"Messick, Parker",800048,805367,R,L,1,1,1-1,False,False,False,3,FF,Four-Seam Fastball,4-Seam Fastball,hit_into_play,field_out,X,ground_ball,False,True,True,False,False,True,False,4,95.5,95.8,2321,6.4,0.88,54.08,5.52,0.64,0.98,-0.42997426,2.353168345,3.068175853,1.548425197,42.0,95.9,-8.0,15.0,0.173,0.156,0.0,-0.247,67.8,6.2,True,1,8,1,8,True,https://www.mlb.com/video/parker-messick-in-play-out-s-to-chase-meidroth-2rsu5j?partnerId=web_multimedia-search_video-share,Pitch,
824566_51_2,2026-08-07,824566,R,51,2,6,Bot,0,CWS,CLE,"Messick, Parker",800048,805367,R,L,0,1,0-1,True,False,False,3,CH,Changeup,Changeup,ball,none,B,none,False,False,False,False,False,False,False,12,86.0,86.1,1757,6.2,1.12,54.26,5.53,0.96,0.39,1.003633497,3.061778905,3.068175853,1.548425197,38.6,,,,,,,0.029,,,False,1,8,1,8,True,https://www.mlb.com/video/parker-messick-ball-to-chase-meidroth-ydd5t3?partnerId=web_multimedia-search_video-share,Pitch,
824566_51_1,2026-08-07,824566,R,51,1,6,Bot,0,CWS,CLE,"Messick, Parker",800048,805367,R,L,0,0,0-0,False,False,True,3,CU,Curveball,Curveball,called_strike,none,S,none,True,False,False,False,True,True,False,6,78.9,78.7,2151,6.3,0.94,54.23,5.61,-0.62,-0.82,0.730808782,2.119364838,3.068175853,1.548425197,44.1,,,,,,,-0.042,,,False,1,8,1,8,True,https://www.mlb.com/video/parker-messick-called-strike-to-chase-meidroth-nrw734?partnerId=web_multimedia-search_video-share,Pitch,
824566_45_5,2026-08-07,824566,R,45,5,5,Bot,2,CWS,CLE,"Messick, Parker",800048,682668,R,L,2,2,2-2,False,True,False,2,FF,Four-Seam Fastball,4-Seam Fastball,called_strike,strikeout,S,none,True,False,False,False,True,True,False,7,94.7,95.3,2241,6.7,0.91,53.81,5.46,0.59,1.27,-0.497324105,1.578856995,3.008497375,1.518307087,44.1,,,,,0.0,0.0,-0.221,,,False,1,7,1,7,True,https://www.mlb.com/video/luisangel-acuna-called-out-on-strikes-xyodx9?partnerId=web_multimedia-search_video-share,Pitch,
824566_45_4,2026-08-07,824566,R,45,4,5,Bot,2,CWS,CLE,"Messick, Parker",800048,682668,R,L,2,1,2-1,False,False,False,2,FF,Four-Seam Fastball,4-Seam Fastball,foul,none,S,none,True,True,True,False,False,False,True,11,94.4,95.5,2092,6.7,0.87,53.84,5.5,0.34,1.22,-0.118398786,3.714955715,3.008497375,1.518307087,41.7,75.7,40.0,257.0,,,,-0.076,62.4,5.9,False,1,7,1,7,True,https://www.mlb.com/video/parker-messick-foul-to-luisangel-acuna-prwr9m?partnerId=web_multimedia-search_video-share,Pitch,
824566_45_3,2026-08-07,824566,R,45,3,5,Bot,2,CWS,CLE,"Messick, Parker",800048,682668,R,L,1,1,1-1,False,False,False,2,FF,Four-Seam Fastball,4-Seam Fastball,ball,none,B,none,False,False,False,False,False,False,False,12,95.7,96.3,2126,6.4,1.14,54.12,5.46,0.35,1.32,1.067823791,2.942771938,3.008497375,1.518307087,39.3,,,,,,,0.038,,,False,1,7,1,7,True,https://www.mlb.com/video/parker-messick-ball-to-luisangel-acuna-a0n5gj?partnerId=web_multimedia-search_video-share,Pitch,
824566_45_2,2026-08-07,824566,R,45,2,5,Bot,2,CWS,CLE,"Messick, Parker",800048,682668,R,L,1,0,1-0,False,False,False,2,CH,Changeup,Changeup,foul,none,S,none,True,True,True,False,False,False,True,14,85.5,85.5,1977,6.3,1.41,54.25,5.47,1.13,0.05,0.631581597,1.167088758,3.008497375,1.518307087,40.8,58.5,-39.0,1.0,,,,-0.044,45.7,7.6,False,1,7,1,7,True,https://www.mlb.com/video/parker-messick-foul-to-luisangel-acuna-4kmuxd?partnerId=web_multimedia-search_video-share,Pitch,
824566_45_1,2026-08-07,824566,R,45,1,5,Bot,2,CWS,CLE,"Messick, Parker",800048,682668,R,L,0,0,0-0,False,False,True,2,CH,Changeup,Changeup,ball,none,B,none,False,False,False,False,False,False,False,12,84.7,84.6,1788,6.2,1.28,54.28,5.52,1.21,0.13,1.559745448,2.302300506,3.008497375,1.518307087,37.0,,,,,,,0.024,,,False,1,7,1,7,True,https://www.mlb.com/video/parker-messick-ball-to-luisangel-acuna-kgal25?partnerId=web_multimedia-search_video-share,Pitch,
824566_44_2,2026-08-07,824566,R,44,2,5,Bot,1,CWS,CLE,"Messick, Parker",800048,700337,R,L,0,1,0-1,True,False,False,2,CH,Changeup,Changeup,hit_into_play,field_out,X,ground_ball,False,True,True,False,False,True,False,6,84.3,84.0,1596,6.3,1.35,54.16,5.46,1.12,0.16,0.668180813,2.194145634,3.133997703,1.581643701,38.6,79.4,-53.0,2.0,0.211,0.19,0.0,-0.281,67.7,7.0,False,1,7,1,7,True,https://www.mlb.com/video/parker-messick-in-play-out-s-to-edgar-quero-uxp2li?partnerId=web_multimedia-search_video-share,Pitch,
824566_44_1,2026-08-07,824566,R,44,1,5,Bot,1,CWS,CLE,"Messick, Parker",800048,700337,R,L,0,0,0-0,False,False,True,2,FF,Four-Seam Fastball,4-Seam Fastball,swinging_strike,none,S,none,True,True,False,True,True,True,False,2,92.8,93.6,2161,6.6,0.95,53.87,5.47,0.29,1.33,0.203882321,2.778301374,3.133997703,1.581643701,42.6,,,,,,,-0.039,68.0,6.0,False,1,7,1,7,True,https://www.mlb.com/video/parker-messick-swinging-strike-to-edgar-quero?partnerId=web_multimedia-search_video-share,Pitch,
824566_43_4,2026-08-07,824566,R,43,4,5,Bot,1,CWS,CLE,"Messick, Parker",800048,695731,R,L,3,0,3-0,False,False,False,2,FF,Four-Seam Fastball,4-Seam Fastball,ball,walk,B,none,False,False,False,False,False,False,False,13,93.7,94.7,2276,6.8,0.8,53.67,5.47,0.2,1.45,-1.425381636,2.02341932,3.284071522,1.65738189,43.8,,,,,0.698089,0.7,0.163,,,False,1,7,1,7,True,https://www.mlb.com/video/braden-montgomery-walks-yvkjeg?partnerId=web_multimedia-search_video-share,Pitch,
824566_43_3,2026-08-07,824566,R,43,3,5,Bot,1,CWS,CLE,"Messick, Parker",800048,695731,R,L,2,0,2-0,False,False,False,2,SI,Sinker,Sinker,ball,none,B,none,False,False,False,False,False,False,False,14,94.0,95.1,2102,6.6,0.96,53.92,5.44,1.01,0.72,1.321299922,2.401136648,3.284071522,1.65738189,44.6,,,,,,,0.138,,,False,1,7,1,7,True,https://www.mlb.com/video/parker-messick-ball-to-braden-montgomery-mdhgji?partnerId=web_multimedia-search_video-share,Pitch,
824566_43_2,2026-08-07,824566,R,43,2,5,Bot,1,CWS,CLE,"Messick, Parker",800048,695731,R,L,1,0,1-0,False,False,False,2,CH,Changeup,Changeup,ball,none,B,none,False,False,False,False,False,False,False,14,86.9,86.9,1796,6.3,1.12,54.16,5.43,1.21,0.2,0.5205954,0.818974143,3.284071522,1.65738189,34.9,,,,,,,0.077,,,False,1,7,1,7,True,https://www.mlb.com/video/parker-messick-ball-to-braden-montgomery-x6ytis?partnerId=web_multimedia-search_video-share,Pitch,
824566_43_1,2026-08-07,824566,R,43,1,5,Bot,1,CWS,CLE,"Messick, Parker",800048,695731,R,L,0,0,0-0,False,False,True,2,CU,Curveball,Curveball,ball,none,B,none,False,False,False,False,False,False,False,14,80.2,80.4,2219,6.4,0.92,54.08,5.56,-0.9,-0.63,0.892191977,1.178220173,3.284071522,1.65738189,44.0,,,,,,,0.042,,,False,1,7,1,7,True,https://www.mlb.com/video/parker-messick-ball-to-braden-montgomery-0kyayb?partnerId=web_multimedia-search_video-share,Pitch,
824566_42_5,2026-08-07,824566,R,42,5,5,Bot,0,CWS,CLE,"Messick, Parker",800048,686668,R,L,2,2,2-2,False,True,False,2,CH,Changeup,Changeup,swinging_strike,strikeout,S,none,True,True,False,True,True,False,True,14,86.0,86.3,1990,6.3,1.09,54.24,5.54,1.28,0.41,0.854089124,2.165652685,3.349893373,1.690600394,39.0,,,,,0.0,0.0,-0.232,73.5,8.3,False,1,7,1,7,True,https://www.mlb.com/video/brenton-doyle-strikes-out-swinging-sh6pus?partnerId=web_multimedia-search_video-share,Pitch,
824566_42_4,2026-08-07,824566,R,42,4,5,Bot,0,CWS,CLE,"Messick, Parker",800048,686668,R,L,1,2,1-2,True,True,False,2,CH,Changeup,Changeup,ball,none,B,none,False,False,False,False,False,False,False,14,86.3,86.6,1651,6.3,1.02,54.15,5.51,1.19,0.1,1.358534889,1.587786639,3.349893373,1.690600394,38.4,,,,,,,0.047,,,False,1,7,1,7,True,https://www.mlb.com/video/parker-messick-ball-to-brenton-doyle-io4ruf?partnerId=web_multimedia-search_video-share,Pitch,
824566_42_3,2026-08-07,824566,R,42,3,5,Bot,0,CWS,CLE,"Messick, Parker",800048,686668,R,L,1,1,1-1,False,False,False,2,FF,Four-Seam Fastball,4-Seam Fastball,foul,none,S,none,True,True,True,False,False,True,False,5,93.7,94.4,2176,6.7,0.83,53.76,5.55,0.38,1.3,0.147353505,2.211036051,3.349893373,1.690600394,40.5,84.4,50.0,267.0,,,,-0.061,71.8,7.3,False,1,7,1,7,True,https://www.mlb.com/video/parker-messick-foul-to-brenton-doyle?partnerId=web_multimedia-search_video-share,Pitch,
824566_42_2,2026-08-07,824566,R,42,2,5,Bot,0,CWS,CLE,"Messick, Parker",800048,686668,R,L,0,1,0-1,True,False,False,2,FF,Four-Seam Fastball,4-Seam Fastball,ball,none,B,none,False,False,False,False,False,False,False,11,92.5,93.3,2167,6.7,0.73,53.8,5.51,0.35,1.3,-1.535411015,2.622508618,3.349893373,1.690600394,47.7,,,,,,,0.029,,,False,1,7,1,7,True,https://www.mlb.com/video/parker-messick-ball-to-brenton-doyle-bzskwn?partnerId=web_multimedia-search_video-share,Pitch,
824566_42_1,2026-08-07,824566,R,42,1,5,Bot,0,CWS,CLE,"Messick, Parker",800048,686668,R,L,0,0,0-0,False,False,True,2,FF,Four-Seam Fastball,4-Seam Fastball,called_strike,none,S,none,True,False,False,False,True,True,False,8,93.0,93.6,2226,6.6,0.86,53.95,5.57,0.44,1.33,0.265625138,2.159888841,3.349893373,1.690600394,47.8,,,,,,,-0.042,,,False,1,7,1,7,True,https://www.mlb.com/video/parker-messick-called-strike-to-brenton-doyle-6e8s6w?partnerId=web_multimedia-search_video-share,Pitch,
824566_32_3,2026-08-07,824566,R,32,3,4,Bot,2,CWS,CLE,"Messick, Parker",800048,695657,L,L,0,2,0-2,True,True,False,2,FF,Four-Seam Fastball,4-Seam Fastball,swinging_strike,strikeout,S,none,True,True,False,True,True,False,True,11,96.5,96.8,2292,6.6,0.74,53.93,5.56,0.13,1.39,-0.875954142,3.490114512,3.340239501,1.685728347,46.7,,,,,0.0,0.0,-0.154,71.6,6.9,False,1,2,1,2,True,https://www.mlb.com/video/colson-montgomery-strikes-out-swinging-hmfyki?partnerId=web_multimedia-search_video-share,Pitch,
824566_32_2,2026-08-07,824566,R,32,2,4,Bot,2,CWS,CLE,"Messick, Parker",800048,695657,L,L,0,1,0-1,True,False,False,2,FF,Four-Seam Fastball,4-Seam Fastball,foul,none,S,none,True,True,True,False,False,True,False,1,96.1,96.8,2303,6.6,0.93,53.86,5.52,0.38,1.24,-0.529961573,2.935925498,3.340239501,1.685728347,46.7,77.2,61.0,204.0,,,,-0.061,76.4,7.4,False,1,2,1,2,True,https://www.mlb.com/video/parker-messick-foul-to-colson-montgomery-wsyaox?partnerId=web_multimedia-search_video-share,Pitch,
824566_32_1,2026-08-07,824566,R,32,1,4,Bot,2,CWS,CLE,"Messick, Parker",800048,695657,L,L,0,0,0-0,False,False,True,2,SI,Sinker,Sinker,called_strike,none,S,none,True,False,False,False,True,True,False,9,94.8,95.5,2039,6.6,0.99,53.94,5.49,1.18,0.82,0.308001919,1.741139359,3.340239501,1.685728347,41.4,,,,,,,-0.043,,,False,1,2,1,2,True,https://www.mlb.com/video/parker-messick-called-strike-to-colson-montgomery-4gxkag?partnerId=web_multimedia-search_video-share,Pitch,
824566_31_3,2026-08-07,824566,R,31,3,4,Bot,1,CWS,CLE,"Messick, Parker",800048,545341,R,L,0,2,0-2,True,True,False,2,CH,Changeup,Changeup,swinging_strike,strikeout,S,none,True,True,False,True,True,False,True,14,87.0,86.9,2000,6.3,1.12,54.18,5.55,1.39,0.18,2.003019133,0.952698583,3.208595801,1.619291339,40.5,,,,,0.0,0.0,-0.163,61.9,8.5,False,1,2,1,2,True,https://www.mlb.com/video/randal-grichuk-strikes-out-swinging-khdudl?partnerId=web_multimedia-search_video-share,Pitch,
824566_31_2,2026-08-07,824566,R,31,2,4,Bot,1,CWS,CLE,"Messick, Parker",800048,545341,R,L,0,1,0-1,True,False,False,2,CH,Changeup,Changeup,swinging_strike,none,S,none,True,True,False,True,True,False,True,14,87.9,87.8,1900,6.3,1.21,54.24,5.47,1.14,0.04,1.093721024,0.883850706,3.208595801,1.619291339,37.1,,,,,,,-0.057,71.2,9.1,False,1,2,1,2,True,https://www.mlb.com/video/parker-messick-swinging-strike-to-randal-grichuk?partnerId=web_multimedia-search_video-share,Pitch,
824566_31_1,2026-08-07,824566,R,31,1,4,Bot,1,CWS,CLE,"Messick, Parker",800048,545341,R,L,0,0,0-0,False,False,True,2,SI,Sinker,Sinker,foul,none,S,none,True,True,True,False,False,True,False,6,93.0,93.7,2087,6.6,1.12,53.92,5.51,1.13,0.73,0.716985371,2.238031814,3.208595801,1.619291339,42.5,80.9,54.0,227.0,,,,-0.041,76.3,7.1,False,1,2,1,2,True,https://www.mlb.com/video/parker-messick-foul-to-randal-grichuk-mrdcng?partnerId=web_multimedia-search_video-share,Pitch,
824566_30_3,2026-08-07,824566,R,30,3,4,Bot,0,CWS,CLE,"Messick, Parker",800048,678246,R,L,0,2,0-2,True,True,False,2,CU,Curveball,Curveball,hit_into_play,field_out,X,popup,False,True,True,False,False,False,True,14,79.6,80.1,2306,6.4,1.01,54.1,5.59,-0.79,-0.67,0.085589923,0.888808375,3.290214895,1.660482283,44.9,74.0,64.0,158.0,0.001,0.0,0.0,-0.164,69.9,8.5,False,1,2,1,2,True,https://www.mlb.com/video/miguel-vargas-pops-out-to-first-baseman-rhys-hoskins-in-foul-territory?partnerId=web_multimedia-search_video-share,Pitch,
824566_30_2,2026-08-07,824566,R,30,2,4,Bot,0,CWS,CLE,"Messick, Parker",800048,678246,R,L,0,1,0-1,True,False,False,2,FF,Four-Seam Fastball,4-Seam Fastball,swinging_strike,none,S,none,True,True,False,True,True,True,False,1,94.8,95.8,2324,6.6,0.94,53.91,5.57,0.19,1.45,-0.657816754,3.11889808,3.290214895,1.660482283,42.4,,,,,,,-0.053,66.4,5.9,False,1,2,1,2,True,https://www.mlb.com/video/parker-messick-swinging-strike-to-miguel-vargas-crle9d?partnerId=web_multimedia-search_video-share,Pitch,
824566_30_1,2026-08-07,824566,R,30,1,4,Bot,0,CWS,CLE,"Messick, Parker",800048,678246,R,L,0,0,0-0,False,False,True,2,FF,Four-Seam Fastball,4-Seam Fastball,foul,none,S,none,True,True,True,False,False,True,False,5,93.3,94.4,2167,6.7,1.04,53.81,5.54,0.35,1.42,0.009138831,2.552251022,3.290214895,1.660482283,43.1,73.5,40.0,219.0,,,,-0.042,70.4,7.1,False,1,2,1,2,True,https://www.mlb.com/video/parker-messick-foul-to-miguel-vargas-kuyyom?partnerId=web_multimedia-search_video-share,Pitch,
824566_25_4,2026-08-07,824566,R,25,4,3,Bot,2,CWS,CLE,"Messick, Parker",800048,808959,L,L,1,2,1-2,True,True,False,2,CH,Changeup,Changeup,swinging_strike,strikeout,S,none,True,True,False,True,True,True,False,6,86.4,86.7,1990,6.4,1.15,54.13,5.52,1.09,0.28,0.724462306,2.712833171,3.296358268,1.663582677,42.2,,,,,0.0,0.0,-0.18,70.5,7.5,False,1,2,1,2,True,https://www.mlb.com/video/munetaka-murakami-strikes-out-swinging-jqmgr7?partnerId=web_multimedia-search_video-share,Pitch,
824566_25_3,2026-08-07,824566,R,25,3,3,Bot,2,CWS,CLE,"Messick, Parker",800048,808959,L,L,1,1,1-1,False,False,False,2,SI,Sinker,Sinker,swinging_strike,none,S,none,True,True,False,True,True,True,False,3,95.0,96.0,2149,6.6,1.07,53.89,5.5,1.13,0.8,0.616310642,3.391697862,3.296358268,1.663582677,45.3,,,,,,,-0.065,70.9,6.5,False,1,2,1,2,True,https://www.mlb.com/video/parker-messick-swinging-strike-to-munetaka-murakami?partnerId=web_multimedia-search_video-share,Pitch,
824566_25_2,2026-08-07,824566,R,25,2,3,Bot,2,CWS,CLE,"Messick, Parker",800048,808959,L,L,0,1,0-1,True,False,False,2,CH,Changeup,Changeup,ball,none,B,none,False,False,False,False,False,False,False,13,87.5,87.7,1848,6.4,1.14,54.07,5.43,1.27,0.21,-0.946604188,0.671050875,3.296358268,1.663582677,40.0,,,,,,,0.03,,,False,1,2,1,2,True,https://www.mlb.com/video/parker-messick-ball-to-munetaka-murakami-c1kwz0?partnerId=web_multimedia-search_video-share,Pitch,
824566_25_1,2026-08-07,824566,R,25,1,3,Bot,2,CWS,CLE,"Messick, Parker",800048,808959,L,L,0,0,0-0,False,False,True,2,FF,Four-Seam Fastball,4-Seam Fastball,called_strike,none,S,none,True,False,False,False,True,True,False,5,96.2,97.2,2113,6.7,0.93,53.81,5.5,0.27,1.38,0.080759024,2.745748008,3.296358268,1.663582677,44.7,,,,,,,-0.043,,,False,1,2,1,2,True,https://www.mlb.com/video/parker-messick-called-strike-to-munetaka-murakami?partnerId=web_multimedia-search_video-share,Pitch,
824566_24_6,2026-08-07,824566,R,24,6,3,Bot,1,CWS,CLE,"Messick, Parker",800048,805367,R,L,2,2,2-2,False,True,False,2,CU,Curveball,Curveball,hit_into_play,field_out,X,ground_ball,False,True,True,False,False,True,False,6,79.9,80.3,2304,6.5,1.1,54.02,5.51,-1.22,-0.55,0.332675305,2.406296175,3.068175853,1.548425197,44.2,66.6,-55.0,2.0,0.286,0.257,0.0,-0.234,57.8,6.3,False,1,2,1,2,True,https://www.mlb.com/video/parker-messick-in-play-out-s-to-chase-meidroth-czvtn3?partnerId=web_multimedia-search_video-share,Pitch,
824566_24_5,2026-08-07,824566,R,24,5,3,Bot,1,CWS,CLE,"Messick, Parker",800048,805367,R,L,2,2,2-2,False,True,False,2,CH,Changeup,Changeup,foul,none,S,none,True,True,True,False,False,True,False,6,88.4,88.4,2012,6.4,1.2,54.11,5.47,1.35,0.23,0.693512688,2.319406303,3.068175853,1.548425197,37.3,85.6,28.0,282.0,,,,0.0,59.1,6.5,False,1,2,1,2,True,https://www.mlb.com/video/parker-messick-foul-to-chase-meidroth-nvmgvz?partnerId=web_multimedia-search_video-share,Pitch,
824566_24_4,2026-08-07,824566,R,24,4,3,Bot,1,CWS,CLE,"Messick, Parker",800048,805367,R,L,2,1,2-1,False,False,False,2,FF,Four-Seam Fastball,4-Seam Fastball,swinging_strike,none,S,none,True,True,False,True,True,True,False,1,95.9,96.6,2277,6.8,1.07,53.75,5.43,0.36,1.45,-0.469359514,2.724612374,3.068175853,1.548425197,41.9,,,,,,,-0.076,68.3,6.3,False,1,2,1,2,True,https://www.mlb.com/video/parker-messick-swinging-strike-to-chase-meidroth-x6pyh7?partnerId=web_multimedia-search_video-share,Pitch,
824566_24_3,2026-08-07,824566,R,24,3,3,Bot,1,CWS,CLE,"Messick, Parker",800048,805367,R,L,1,1,1-1,False,False,False,2,CH,Changeup,Changeup,ball,none,B,none,False,False,False,False,False,False,False,14,88.0,88.2,1830,6.4,1.11,54.09,5.48,1.36,0.44,0.679225361,0.86007784,3.068175853,1.548425197,38.8,,,,,,,0.057,,,False,1,2,1,2,True,https://www.mlb.com/video/parker-messick-ball-to-chase-meidroth-w6wh2i?partnerId=web_multimedia-search_video-share,Pitch,
824566_24_2,2026-08-07,824566,R,24,2,3,Bot,1,CWS,CLE,"Messick, Parker",800048,805367,R,L,1,0,1-0,False,False,False,2,FF,Four-Seam Fastball,4-Seam Fastball,called_strike,none,S,none,True,False,False,False,True,True,False,2,95.9,96.6,2265,6.8,0.98,53.73,5.49,0.35,1.53,-0.075329804,2.838209446,3.068175853,1.548425197,43.3,,,,,,,-0.05,,,False,1,2,1,2,True,https://www.mlb.com/video/parker-messick-called-strike-to-chase-meidroth-xnppz0?partnerId=web_multimedia-search_video-share,Pitch,
824566_24_1,2026-08-07,824566,R,24,1,3,Bot,1,CWS,CLE,"Messick, Parker",800048,805367,R,L,0,0,0-0,False,False,True,2,FF,Four-Seam Fastball,4-Seam Fastball,ball,none,B,none,False,False,False,False,False,False,False,13,95.3,96.0,2223,6.7,0.97,53.81,5.52,0.4,1.42,-0.936134284,1.791210251,3.068175853,1.548425197,44.2,,,,,,,0.042,,,False,1,2,1,2,True,https://www.mlb.com/video/parker-messick-ball-to-chase-meidroth-kw7gs6?partnerId=web_multimedia-search_video-share,Pitch,
824566_23_6,2026-08-07,824566,R,23,6,3,Bot,0,CWS,CLE,"Messick, Parker",800048,682668,R,L,3,2,3-2,False,True,False,1,CH,Changeup,Changeup,hit_into_play,field_out,X,fly_ball,False,True,True,False,False,True,False,3,86.4,86.7,1825,6.3,1.13,54.17,5.48,1.32,0.4,0.434105836,2.793990466,3.008497375,1.518307087,39.3,92.9,32.0,341.0,0.097,0.178,0.0,-0.344,70.0,6.8,False,1,2,1,2,True,https://www.mlb.com/video/luisangel-acuna-flies-out-to-right-fielder-jo-adell?partnerId=web_multimedia-search_video-share,Pitch,
824566_23_5,2026-08-07,824566,R,23,5,3,Bot,0,CWS,CLE,"Messick, Parker",800048,682668,R,L,3,1,3-1,False,False,False,1,FF,Four-Seam Fastball,4-Seam Fastball,foul,none,S,none,True,True,True,False,False,True,False,2,93.8,94.8,2067,6.7,0.95,53.84,5.46,0.31,1.27,-0.161147785,2.780397825,3.008497375,1.518307087,41.4,80.8,36.0,271.0,,,,-0.103,67.9,6.6,False,1,2,1,2,True,https://www.mlb.com/video/parker-messick-foul-to-luisangel-acuna-6xcgyj?partnerId=web_multimedia-search_video-share,Pitch,
824566_23_4,2026-08-07,824566,R,23,4,3,Bot,0,CWS,CLE,"Messick, Parker",800048,682668,R,L,3,0,3-0,False,False,False,1,FF,Four-Seam Fastball,4-Seam Fastball,called_strike,none,S,none,True,False,False,False,True,True,False,4,93.8,94.9,2222,6.7,0.94,53.82,5.54,0.29,1.2,-0.531897574,2.46632713,3.008497375,1.518307087,42.3,,,,,,,-0.086,,,False,1,2,1,2,True,https://www.mlb.com/video/parker-messick-called-strike-to-luisangel-acuna-ljb9yf?partnerId=web_multimedia-search_video-share,Pitch,
824566_23_3,2026-08-07,824566,R,23,3,3,Bot,0,CWS,CLE,"Messick, Parker",800048,682668,R,L,2,0,2-0,False,False,False,1,SI,Sinker,Sinker,ball,none,B,none,False,False,False,False,False,False,False,13,93.3,94.5,1969,6.8,0.98,53.71,5.47,1.12,0.6,-0.74609575,0.487452488,3.008497375,1.518307087,43.2,,,,,,,0.147,,,False,1,2,1,2,True,https://www.mlb.com/video/parker-messick-ball-to-luisangel-acuna-fjmi85?partnerId=web_multimedia-search_video-share,Pitch,
824566_23_2,2026-08-07,824566,R,23,2,3,Bot,0,CWS,CLE,"Messick, Parker",800048,682668,R,L,1,0,1-0,False,False,False,1,SI,Sinker,Sinker,ball,none,B,none,False,False,False,False,False,False,False,13,93.4,94.6,2032,6.7,1.0,53.75,5.52,0.95,0.68,-1.422642727,1.56043808,3.008497375,1.518307087,43.7,,,,,,,0.083,,,False,1,2,1,2,True,https://www.mlb.com/video/parker-messick-ball-to-luisangel-acuna-ezflao?partnerId=web_multimedia-search_video-share,Pitch,
824566_23_1,2026-08-07,824566,R,23,1,3,Bot,0,CWS,CLE,"Messick, Parker",800048,682668,R,L,0,0,0-0,False,False,True,1,CH,Changeup,Changeup,ball,none,B,none,False,False,False,False,False,False,False,12,85.7,86.3,1637,6.3,1.36,54.15,5.51,0.93,0.31,1.305464425,3.141741072,3.008497375,1.518307087,37.3,,,,,,,0.044,,,False,1,2,1,2,True,https://www.mlb.com/video/parker-messick-ball-to-luisangel-acuna-p4nqa3?partnerId=web_multimedia-search_video-share,Pitch,
824566_19_1,2026-08-07,824566,R,19,1,2,Bot,2,CWS,CLE,"Messick, Parker",800048,700337,R,L,0,0,0-0,False,False,True,1,FF,Four-Seam Fastball,4-Seam Fastball,hit_into_play,field_out,X,ground_ball,False,True,True,False,False,True,False,5,96.3,97.6,2254,6.8,0.94,53.73,5.44,0.31,1.28,-0.242419556,2.168421854,3.133997703,1.581643701,42.9,99.3,-10.0,11.0,0.201,0.181,0.0,-0.258,71.2,6.8,True,1,2,1,2,True,https://www.mlb.com/video/parker-messick-in-play-out-s-to-edgar-quero-ic2p9a?partnerId=web_multimedia-search_video-share,Pitch,
824566_18_6,2026-08-07,824566,R,18,6,2,Bot,2,CWS,CLE,"Messick, Parker",800048,695731,R,L,2,2,2-2,False,True,False,1,FF,Four-Seam Fastball,4-Seam Fastball,hit_into_play,home_run,X,fly_ball,False,True,True,False,False,True,False,2,96.9,98.0,2265,6.7,0.87,53.77,5.57,0.28,1.32,-0.048556592,2.895231634,3.284071522,1.65738189,43.4,105.7,29.0,419.0,0.903,1.839,2.0,2.633,69.5,6.3,True,0,2,0,2,True,https://www.mlb.com/video/braden-montgomery-homers-4-on-a-fly-ball-to-center-field-yufeix?partnerId=web_multimedia-search_video-share,Pitch,
824566_18_5,2026-08-07,824566,R,18,5,2,Bot,2,CWS,CLE,"Messick, Parker",800048,695731,R,L,1,2,1-2,True,True,False,1,FF,Four-Seam Fastball,4-Seam Fastball,ball,none,B,none,False,False,False,False,False,False,False,12,96.6,97.4,2212,6.5,0.95,53.95,5.62,0.23,1.15,0.415307572,4.413383663,3.284071522,1.65738189,46.8,,,,,,,0.041,,,False,0,2,0,2,True,https://www.mlb.com/video/parker-messick-ball-to-braden-montgomery-jr939d?partnerId=web_multimedia-search_video-share,Pitch,
824566_18_4,2026-08-07,824566,R,18,4,2,Bot,2,CWS,CLE,"Messick, Parker",800048,695731,R,L,1,2,1-2,True,True,False,1,FF,Four-Seam Fastball,4-Seam Fastball,foul,none,S,none,True,True,True,False,False,True,False,1,96.9,97.3,2231,6.6,0.82,53.91,5.53,0.08,1.45,-0.731655574,2.83234476,3.284071522,1.65738189,44.2,66.0,54.0,177.0,,,,0.0,64.6,5.9,False,0,2,0,2,True,https://www.mlb.com/video/parker-messick-foul-to-braden-montgomery-jyabay?partnerId=web_multimedia-search_video-share,Pitch,
824566_18_3,2026-08-07,824566,R,18,3,2,Bot,2,CWS,CLE,"Messick, Parker",800048,695731,R,L,1,1,1-1,False,False,False,1,CH,Changeup,Changeup,swinging_strike,none,S,none,True,True,False,True,True,False,True,14,87.5,87.9,1962,6.4,1.17,54.1,5.55,1.26,0.57,1.146121948,2.028736993,3.284071522,1.65738189,42.6,,,,,,,-0.065,39.1,6.3,False,0,2,0,2,True,https://www.mlb.com/video/parker-messick-swinging-strike-to-braden-montgomery-y7o87a?partnerId=web_multimedia-search_video-share,Pitch,
824566_18_2,2026-08-07,824566,R,18,2,2,Bot,2,CWS,CLE,"Messick, Parker",800048,695731,R,L,1,0,1-0,False,False,False,1,FF,Four-Seam Fastball,4-Seam Fastball,swinging_strike,none,S,none,True,True,False,True,True,True,False,6,96.0,96.8,2244,6.7,0.86,53.81,5.54,0.48,1.24,0.542881052,2.746775923,3.284071522,1.65738189,43.7,,,,,,,-0.054,67.7,6.1,False,0,2,0,2,True,https://www.mlb.com/video/parker-messick-swinging-strike-to-braden-montgomery-nz06py?partnerId=web_multimedia-search_video-share,Pitch,
824566_18_1,2026-08-07,824566,R,18,1,2,Bot,2,CWS,CLE,"Messick, Parker",800048,695731,R,L,0,0,0-0,False,False,True,1,SI,Sinker,Sinker,ball,none,B,none,False,False,False,False,False,False,False,14,94.5,95.1,1980,6.5,1.03,54.02,5.49,1.1,0.66,1.593768374,2.424977005,3.284071522,1.65738189,40.7,,,,,,,0.04,,,False,0,2,0,2,True,https://www.mlb.com/video/parker-messick-ball-to-braden-montgomery-opzfoy?partnerId=web_multimedia-search_video-share,Pitch,
824566_17_4,2026-08-07,824566,R,17,4,2,Bot,1,CWS,CLE,"Messick, Parker",800048,686668,R,L,2,1,2-1,False,False,False,1,FF,Four-Seam Fastball,4-Seam Fastball,hit_into_play,field_out,X,ground_ball,False,True,True,False,False,True,False,8,96.2,97.5,2279,6.8,0.82,53.71,5.55,0.36,1.13,-0.244143933,1.964682121,3.349893373,1.690600394,43.0,87.9,-40.0,2.0,0.081,0.075,0.0,-0.311,69.5,6.4,False,0,2,0,2,True,https://www.mlb.com/video/brenton-doyle-grounds-out-second-baseman-angel-genao-to-first-baseman-rhy?partnerId=web_multimedia-search_video-share,Pitch,
824566_17_3,2026-08-07,824566,R,17,3,2,Bot,1,CWS,CLE,"Messick, Parker",800048,686668,R,L,1,1,1-1,False,False,False,1,FF,Four-Seam Fastball,4-Seam Fastball,ball,none,B,none,False,False,False,False,False,False,False,12,95.4,96.3,2237,6.6,0.84,53.86,5.56,0.36,1.37,0.678847466,4.168138068,3.349893373,1.690600394,45.4,,,,,,,0.057,,,False,0,2,0,2,True,https://www.mlb.com/video/parker-messick-ball-to-brenton-doyle-4mv9uk?partnerId=web_multimedia-search_video-share,Pitch,
824566_17_2,2026-08-07,824566,R,17,2,2,Bot,1,CWS,CLE,"Messick, Parker",800048,686668,R,L,0,1,0-1,True,False,False,1,FF,Four-Seam Fastball,4-Seam Fastball,ball,none,B,none,False,False,False,False,False,False,False,12,95.9,96.7,2222,6.5,1.02,54.01,5.58,0.42,1.09,1.332392954,3.681833291,3.349893373,1.690600394,41.4,,,,,,,0.033,,,False,0,2,0,2,True,https://www.mlb.com/video/parker-messick-ball-to-brenton-doyle?partnerId=web_multimedia-search_video-share,Pitch,
824566_17_1,2026-08-07,824566,R,17,1,2,Bot,1,CWS,CLE,"Messick, Parker",800048,686668,R,L,0,0,0-0,False,False,True,1,FF,Four-Seam Fastball,4-Seam Fastball,called_strike,none,S,none,True,False,False,False,True,True,False,3,95.7,96.8,2092,6.6,0.9,53.87,5.61,0.38,1.06,0.473549593,2.865323224,3.349893373,1.690600394,40.5,,,,,,,-0.041,,,False,0,2,0,2,True,https://www.mlb.com/video/parker-messick-called-strike-to-brenton-doyle?partnerId=web_multimedia-search_video-share,Pitch,
824566_16_6,2026-08-07,824566,R,16,6,2,Bot,0,CWS,CLE,"Messick, Parker",800048,695657,L,L,2,2,2-2,False,True,False,1,CH,Changeup,Changeup,hit_into_play,field_out,X,popup,False,True,True,False,False,True,False,3,88.3,88.5,1989,6.4,1.16,54.08,5.55,1.27,0.12,0.784646463,3.14528541,3.340239501,1.685728347,38.9,47.8,84.0,32.0,0.006,0.005,0.0,-0.232,76.1,7.2,False,0,2,0,2,True,https://www.mlb.com/video/parker-messick-in-play-out-s-to-colson-montgomery?partnerId=web_multimedia-search_video-share,Pitch,
824566_16_5,2026-08-07,824566,R,16,5,2,Bot,0,CWS,CLE,"Messick, Parker",800048,695657,L,L,2,2,2-2,False,True,False,1,FF,Four-Seam Fastball,4-Seam Fastball,foul,none,S,none,True,True,True,False,False,True,False,1,96.2,97.1,2281,6.7,0.84,53.82,5.53,0.3,1.34,-0.440026349,2.950382118,3.340239501,1.685728347,41.9,,,,,,,0.0,78.3,7.7,False,0,2,0,2,True,https://www.mlb.com/video/parker-messick-foul-to-colson-montgomery-vmfluw?partnerId=web_multimedia-search_video-share,Pitch,
824566_16_4,2026-08-07,824566,R,16,4,2,Bot,0,CWS,CLE,"Messick, Parker",800048,695657,L,L,1,2,1-2,True,True,False,1,FF,Four-Seam Fastball,4-Seam Fastball,ball,none,B,none,False,False,False,False,False,False,False,13,96.5,97.4,2293,6.6,0.79,53.86,5.57,0.23,1.33,-0.946429037,1.945969475,3.340239501,1.685728347,47.6,,,,,,,0.047,,,False,0,2,0,2,True,https://www.mlb.com/video/parker-messick-ball-to-colson-montgomery-mif3hj?partnerId=web_multimedia-search_video-share,Pitch,
824566_16_3,2026-08-07,824566,R,16,3,2,Bot,0,CWS,CLE,"Messick, Parker",800048,695657,L,L,0,2,0-2,True,True,False,1,FF,Four-Seam Fastball,4-Seam Fastball,ball,none,B,none,False,False,False,False,False,False,False,11,95.8,96.5,2110,6.5,0.79,53.99,5.66,0.31,1.17,-0.630721189,3.926720937,3.340239501,1.685728347,44.7,,,,,,,0.021,,,False,0,2,0,2,True,https://www.mlb.com/video/parker-messick-ball-to-colson-montgomery-z5lybm?partnerId=web_multimedia-search_video-share,Pitch,
824566_16_2,2026-08-07,824566,R,16,2,2,Bot,0,CWS,CLE,"Messick, Parker",800048,695657,L,L,0,1,0-1,True,False,False,1,SI,Sinker,Sinker,foul,none,S,none,True,True,True,False,False,True,False,5,94.7,95.3,2132,6.5,0.89,53.95,5.6,0.98,0.85,0.112292513,2.531221673,3.340239501,1.685728347,44.7,,-43.0,3.0,,,,-0.053,75.1,7.6,False,0,2,0,2,True,https://www.mlb.com/video/parker-messick-foul-to-colson-montgomery-brsiqr?partnerId=web_multimedia-search_video-share,Pitch,
824566_16_1,2026-08-07,824566,R,16,1,2,Bot,0,CWS,CLE,"Messick, Parker",800048,695657,L,L,0,0,0-0,False,False,True,1,FF,Four-Seam Fastball,4-Seam Fastball,swinging_strike,none,S,none,True,True,False,True,True,True,False,2,94.4,94.9,2278,6.6,0.78,53.92,5.64,0.21,1.47,0.072248401,3.424950741,3.340239501,1.685728347,49.0,,,,,,,-0.042,76.0,7.7,False,0,2,0,2,True,https://www.mlb.com/video/parker-messick-swinging-strike-to-colson-montgomery?partnerId=web_multimedia-search_video-share,Pitch,
824566_11_3,2026-08-07,824566,R,11,3,1,Bot,2,CWS,CLE,"Messick, Parker",800048,545341,R,L,1,1,1-1,False,False,False,1,FF,Four-Seam Fastball,4-Seam Fastball,hit_into_play,field_out,X,popup,False,True,True,False,False,True,False,1,95.1,95.7,2270,6.6,0.84,53.94,5.54,0.56,1.39,-0.514566137,2.767055466,3.208595801,1.619291339,44.4,72.3,71.0,103.0,0.003,0.004,0.0,-0.261,68.7,7.0,False,0,2,0,2,True,https://www.mlb.com/video/parker-messick-in-play-out-s-to-randal-grichuk-ieknis?partnerId=web_multimedia-search_video-share,Pitch,
824566_11_2,2026-08-07,824566,R,11,2,1,Bot,2,CWS,CLE,"Messick, Parker",800048,545341,R,L,1,0,1-0,False,False,False,1,FF,Four-Seam Fastball,4-Seam Fastball,called_strike,none,S,none,True,False,False,False,True,True,False,3,95.4,95.9,2207,6.5,0.98,54.03,5.55,0.43,1.42,0.68377676,2.95198477,3.208595801,1.619291339,41.1,,,,,,,-0.044,,,False,0,2,0,2,True,https://www.mlb.com/video/parker-messick-called-strike-to-randal-grichuk-17onyz?partnerId=web_multimedia-search_video-share,Pitch,
824566_11_1,2026-08-07,824566,R,11,1,1,Bot,2,CWS,CLE,"Messick, Parker",800048,545341,R,L,0,0,0-0,False,False,True,1,FF,Four-Seam Fastball,4-Seam Fastball,ball,none,B,none,False,False,False,False,False,False,False,11,95.1,95.7,2231,6.5,0.84,53.98,5.63,0.19,1.36,-0.963803854,3.218415236,3.208595801,1.619291339,42.7,,,,,,,0.024,,,False,0,2,0,2,True,https://www.mlb.com/video/parker-messick-ball-to-randal-grichuk-oez5xu?partnerId=web_multimedia-search_video-share,Pitch,
824566_10_6,2026-08-07,824566,R,10,6,1,Bot,1,CWS,CLE,"Messick, Parker",800048,678246,R,L,3,2,3-2,False,True,False,1,FF,Four-Seam Fastball,4-Seam Fastball,called_strike,strikeout,S,none,True,False,False,False,True,True,False,7,95.2,96.3,2183,6.7,0.75,53.75,5.53,0.3,1.45,-0.620677133,1.655399213,3.290214895,1.660482283,45.6,,,,,0.0,0.0,-0.309,,,False,0,2,0,2,True,https://www.mlb.com/video/miguel-vargas-called-out-on-strikes-unyiy5?partnerId=web_multimedia-search_video-share,Pitch,
824566_10_5,2026-08-07,824566,R,10,5,1,Bot,1,CWS,CLE,"Messick, Parker",800048,678246,R,L,3,1,3-1,False,False,False,1,FF,Four-Seam Fastball,4-Seam Fastball,foul,none,S,none,True,True,True,False,False,True,False,6,94.3,95.1,2176,6.6,0.96,53.89,5.56,0.42,1.34,0.356132544,2.682901141,3.290214895,1.660482283,44.8,76.1,11.0,139.0,,,,-0.071,75.7,8.0,False,0,2,0,2,True,https://www.mlb.com/video/parker-messick-foul-to-miguel-vargas-vmuams?partnerId=web_multimedia-search_video-share,Pitch,
824566_10_4,2026-08-07,824566,R,10,4,1,Bot,1,CWS,CLE,"Messick, Parker",800048,678246,R,L,3,0,3-0,False,False,False,1,FF,Four-Seam Fastball,4-Seam Fastball,swinging_strike,none,S,none,True,True,False,True,True,True,False,2,93.9,94.7,2204,6.6,0.95,53.94,5.54,0.38,1.3,0.171546947,3.236333676,3.290214895,1.660482283,44.1,,,,,,,-0.051,78.0,8.1,False,0,2,0,2,True,https://www.mlb.com/video/parker-messick-swinging-strike-to-miguel-vargas-fqmbr2?partnerId=web_multimedia-search_video-share,Pitch,
824566_10_3,2026-08-07,824566,R,10,3,1,Bot,1,CWS,CLE,"Messick, Parker",800048,678246,R,L,2,0,2-0,False,False,False,1,FF,Four-Seam Fastball,4-Seam Fastball,ball,none,B,none,False,False,False,False,False,False,False,11,94.1,94.7,2167,6.5,0.87,54.01,5.63,0.31,1.38,-0.038694263,3.909414801,3.290214895,1.660482283,46.9,,,,,,,0.084,,,False,0,2,0,2,True,https://www.mlb.com/video/parker-messick-ball-to-miguel-vargas-4vomht?partnerId=web_multimedia-search_video-share,Pitch,
824566_10_2,2026-08-07,824566,R,10,2,1,Bot,1,CWS,CLE,"Messick, Parker",800048,678246,R,L,1,0,1-0,False,False,False,1,FF,Four-Seam Fastball,4-Seam Fastball,ball,none,B,none,False,False,False,False,False,False,False,11,93.8,94.6,2211,6.6,1.03,53.94,5.59,0.42,1.26,-0.246258364,3.81734469,3.290214895,1.660482283,45.4,,,,,,,0.026,,,False,0,2,0,2,True,https://www.mlb.com/video/parker-messick-ball-to-miguel-vargas-thvinp?partnerId=web_multimedia-search_video-share,Pitch,
824566_10_1,2026-08-07,824566,R,10,1,1,Bot,1,CWS,CLE,"Messick, Parker",800048,678246,R,L,0,0,0-0,False,False,True,1,CU,Curveball,Curveball,ball,none,B,none,False,False,False,False,False,False,False,12,78.5,79.2,2308,6.5,1.21,54.04,5.69,-0.81,-0.29,1.283680723,3.335005162,3.290214895,1.660482283,44.3,,,,,,,0.039,,,False,0,2,0,2,True,https://www.mlb.com/video/parker-messick-ball-to-miguel-vargas-oscojk?partnerId=web_multimedia-search_video-share,Pitch,
824566_9_2,2026-08-07,824566,R,9,2,1,Bot,0,CWS,CLE,"Messick, Parker",800048,808959,L,L,1,0,1-0,False,False,False,1,SI,Sinker,Sinker,hit_into_play,field_out,X,popup,False,True,True,False,False,True,False,6,93.6,94.8,2080,6.5,1.07,53.99,5.64,0.98,0.7,0.560366223,2.776615433,3.296358268,1.663582677,41.7,96.6,66.0,151.0,0.017,0.017,0.0,-0.316,76.7,7.9,True,0,2,0,2,True,https://www.mlb.com/video/munetaka-murakami-pops-out-to-first-baseman-rhys-hoskins?partnerId=web_multimedia-search_video-share,Pitch,
824566_9_1,2026-08-07,824566,R,9,1,1,Bot,0,CWS,CLE,"Messick, Parker",800048,808959,L,L,0,0,0-0,False,False,True,1,SI,Sinker,Sinker,ball,none,B,none,False,False,False,False,False,True,False,6,92.4,93.5,2021,6.5,1.06,53.96,5.61,1.0,0.84,0.793629668,2.383101248,3.296358268,1.663582677,41.7,,,,,,,0.032,,,False,0,2,0,2,True,https://www.mlb.com/video/parker-messick-ball-to-munetaka-murakami?partnerId=web_multimedia-search_video-share,Pitch,
824566_8_2,2026-08-07,824566,R,8,2,1,Bot,0,CWS,CLE,"Messick, Parker",800048,805367,R,L,0,1,0-1,True,False,False,1,SI,Sinker,Sinker,hit_into_play,double,X,line_drive,False,True,True,False,False,True,False,6,93.0,93.9,1958,6.4,0.99,54.09,5.65,1.22,0.75,0.360814662,2.292338645,3.068175853,1.548425197,40.4,96.8,11.0,201.0,0.883,0.838,1.25,0.748,64.5,5.9,True,0,2,0,2,True,https://www.mlb.com/video/parker-messick-in-play-no-out-to-chase-meidroth-fis3yf?partnerId=web_multimedia-search_video-share,Pitch,
824566_8_1,2026-08-07,824566,R,8,1,1,Bot,0,CWS,CLE,"Messick, Parker",800048,805367,R,L,0,0,0-0,False,False,True,1,FF,Four-Seam Fastball,4-Seam Fastball,foul,none,S,none,True,True,True,False,False,True,False,5,94.0,94.9,2193,6.6,0.97,53.9,5.67,0.46,1.29,0.218025857,2.558243252,3.068175853,1.548425197,43.5,75.1,45.0,255.0,,,,-0.042,65.3,6.3,False,0,2,0,2,True,https://www.mlb.com/video/parker-messick-foul-to-chase-meidroth-k1v2r2?partnerId=web_multimedia-search_video-share,Pitch,
